<ImportExportXml version="5.0.9690.2243" minimumversion="5.0.0.0" languagecode="1037" generatedBy="OnPremise" xmlns:xsi="http://www.w3.org/2001/XMLSchema-instance">
  <SolutionManifest>
    <UniqueName>crmgrid</UniqueName>
    <LocalizedNames>
      <LocalizedName description="crmgrid" languagecode="1037" />
    </LocalizedNames>
    <Descriptions />
    <Version>1.0.0.7</Version>
    <Managed>0</Managed>
    <Publisher>
      <UniqueName>DefaultPublisherMANTA</UniqueName>
      <LocalizedNames>
        <LocalizedName description="מפרסם ברירת מחדל עבור MANTA" languagecode="1037" />
      </LocalizedNames>
      <Descriptions>
        <Description description="מפרסם ברירת מחדל עבור ארגון זה" languagecode="1037" />
      </Descriptions>
      <EMailAddress xsi:nil="true"></EMailAddress>
      <SupportingWebsiteUrl xsi:nil="true"></SupportingWebsiteUrl>
      <CustomizationPrefix>new</CustomizationPrefix>
      <CustomizationOptionValuePrefix>10000</CustomizationOptionValuePrefix>
      <Addresses>
        <Address>
          <AddressNumber>1</AddressNumber>
          <AddressTypeCode xsi:nil="true"></AddressTypeCode>
          <City xsi:nil="true"></City>
          <County xsi:nil="true"></County>
          <Country xsi:nil="true"></Country>
          <Fax xsi:nil="true"></Fax>
          <FreightTermsCode xsi:nil="true"></FreightTermsCode>
          <ImportSequenceNumber xsi:nil="true"></ImportSequenceNumber>
          <Latitude xsi:nil="true"></Latitude>
          <Line1 xsi:nil="true"></Line1>
          <Line2 xsi:nil="true"></Line2>
          <Line3 xsi:nil="true"></Line3>
          <Longitude xsi:nil="true"></Longitude>
          <Name xsi:nil="true"></Name>
          <PostalCode xsi:nil="true"></PostalCode>
          <PostOfficeBox xsi:nil="true"></PostOfficeBox>
          <PrimaryContactName xsi:nil="true"></PrimaryContactName>
          <ShippingMethodCode xsi:nil="true"></ShippingMethodCode>
          <StateOrProvince xsi:nil="true"></StateOrProvince>
          <Telephone1 xsi:nil="true"></Telephone1>
          <Telephone2 xsi:nil="true"></Telephone2>
          <Telephone3 xsi:nil="true"></Telephone3>
          <TimeZoneRuleVersionNumber xsi:nil="true"></TimeZoneRuleVersionNumber>
          <UPSZone xsi:nil="true"></UPSZone>
          <UTCOffset xsi:nil="true"></UTCOffset>
          <UTCConversionTimeZoneCode xsi:nil="true"></UTCConversionTimeZoneCode>
        </Address>
        <Address>
          <AddressNumber>2</AddressNumber>
          <AddressTypeCode xsi:nil="true"></AddressTypeCode>
          <City xsi:nil="true"></City>
          <County xsi:nil="true"></County>
          <Country xsi:nil="true"></Country>
          <Fax xsi:nil="true"></Fax>
          <FreightTermsCode xsi:nil="true"></FreightTermsCode>
          <ImportSequenceNumber xsi:nil="true"></ImportSequenceNumber>
          <Latitude xsi:nil="true"></Latitude>
          <Line1 xsi:nil="true"></Line1>
          <Line2 xsi:nil="true"></Line2>
          <Line3 xsi:nil="true"></Line3>
          <Longitude xsi:nil="true"></Longitude>
          <Name xsi:nil="true"></Name>
          <PostalCode xsi:nil="true"></PostalCode>
          <PostOfficeBox xsi:nil="true"></PostOfficeBox>
          <PrimaryContactName xsi:nil="true"></PrimaryContactName>
          <ShippingMethodCode xsi:nil="true"></ShippingMethodCode>
          <StateOrProvince xsi:nil="true"></StateOrProvince>
          <Telephone1 xsi:nil="true"></Telephone1>
          <Telephone2 xsi:nil="true"></Telephone2>
          <Telephone3 xsi:nil="true"></Telephone3>
          <TimeZoneRuleVersionNumber xsi:nil="true"></TimeZoneRuleVersionNumber>
          <UPSZone xsi:nil="true"></UPSZone>
          <UTCOffset xsi:nil="true"></UTCOffset>
          <UTCConversionTimeZoneCode xsi:nil="true"></UTCConversionTimeZoneCode>
        </Address>
      </Addresses>
    </Publisher>
    <RootComponents>
      <RootComponent type="1" schemaName="account" />
      <RootComponent type="1" schemaName="new_guardiantest" />
      <RootComponent type="61" schemaName="new_fetchExample.htm" />
      <RootComponent type="61" schemaName="new_frameType.htm" />
      <RootComponent type="61" schemaName="new_grType.htm" />
      <RootComponent type="61" schemaName="new_GuardianTest" />
      <RootComponent type="61" schemaName="new_new_stylecrmgrid/new_global.css" />
      <RootComponent type="61" schemaName="new_scripts/new_action.js" />
      <RootComponent type="61" schemaName="new_scripts/new_AppViewModelType.js" />
      <RootComponent type="61" schemaName="new_scripts/new_cglobal.js" />
      <RootComponent type="61" schemaName="new_scripts/new_ClientGlobalContext.js" />
      <RootComponent type="61" schemaName="new_scripts/new_clientSender.js" />
      <RootComponent type="61" schemaName="new_scripts/new_clientSenderMock.js" />
      <RootComponent type="61" schemaName="new_scripts/new_democonfig.js" />
      <RootComponent type="61" schemaName="new_scripts/new_democonfigType.js" />
      <RootComponent type="61" schemaName="new_scripts/new_entitypropertiesutil.js" />
      <RootComponent type="61" schemaName="new_scripts/new_FetchUtil.js" />
      <RootComponent type="61" schemaName="new_scripts/new_fetchXmlBulid.js" />
      <RootComponent type="61" schemaName="new_scripts/new_form.js" />
      <RootComponent type="61" schemaName="new_scripts/new_global.js" />
      <RootComponent type="61" schemaName="new_scripts/new_gridcontrol.js" />
      <RootComponent type="61" schemaName="new_scripts/new_GridFilters.js" />
      <RootComponent type="61" schemaName="new_scripts/new_jquery_1_8_2.js" />
      <RootComponent type="61" schemaName="new_scripts/new_jsload.js" />
      <RootComponent type="61" schemaName="new_scripts/new_kglobal.js" />
      <RootComponent type="61" schemaName="new_scripts/new_knockout_2_2_0rc.js" />
      <RootComponent type="61" schemaName="new_scripts/new_mockdata.js" />
      <RootComponent type="61" schemaName="new_scripts/new_PageLoader.js" />
      <RootComponent type="61" schemaName="new_scripts/new_paramq.js" />
      <RootComponent type="61" schemaName="new_scripts/new_presence.js" />
      <RootComponent type="61" schemaName="new_scripts/new_rowclick.js" />
      <RootComponent type="61" schemaName="new_scripts/new_Schema.js" />
      <RootComponent type="61" schemaName="new_scripts/new_SchemaType.js" />
      <RootComponent type="61" schemaName="new_scripts/new_ScriptResx.js" />
      <RootComponent type="61" schemaName="new_scripts/new_select.js" />
      <RootComponent type="61" schemaName="new_scripts/new_stage.js" />
      <RootComponent type="61" schemaName="new_scripts/new_subgrid.js" />
      <RootComponent type="61" schemaName="new_scripts/new_XrmParent.js" />
      <RootComponent type="61" schemaName="new_stylecrmgrid/new_appgrid.css" />
      <RootComponent type="61" schemaName="new_stylecrmgrid/new_CompositeControl.css" />
      <RootComponent type="61" schemaName="new_stylecrmgrid/new_controls.css" />
      <RootComponent type="61" schemaName="new_stylecrmgrid/new_fonts.css" />
      <RootComponent type="61" schemaName="new_stylecrmgrid/new_global.css" />
      <RootComponent type="61" schemaName="new_stylecrmgrid/new_gridimgs/new_16_L_check.gif" />
      <RootComponent type="61" schemaName="new_stylecrmgrid/new_gridimgs/new_activitieswall_images.png" />
      <RootComponent type="61" schemaName="new_stylecrmgrid/new_gridimgs/new_appmenu_back.gif" />
      <RootComponent type="61" schemaName="new_stylecrmgrid/new_gridimgs/new_app_back.png" />
      <RootComponent type="61" schemaName="new_stylecrmgrid/new_gridimgs/new_ButtonNormalGradient.png" />
      <RootComponent type="61" schemaName="new_stylecrmgrid/new_gridimgs/new_contextmenu_hover_18.png" />
      <RootComponent type="61" schemaName="new_stylecrmgrid/new_gridimgs/new_contextmenu_hover_20.png" />
      <RootComponent type="61" schemaName="new_stylecrmgrid/new_gridimgs/new_control_imgs.png" />
      <RootComponent type="61" schemaName="new_stylecrmgrid/new_gridimgs/new_control_imgs2013.png" />
      <RootComponent type="61" schemaName="new_stylecrmgrid/new_gridimgs/new_entity16.png" />
      <RootComponent type="61" schemaName="new_stylecrmgrid/new_gridimgs/new_entity_imgs.png" />
      <RootComponent type="61" schemaName="new_stylecrmgrid/new_gridimgs/new_formentityimages.png" />
      <RootComponent type="61" schemaName="new_stylecrmgrid/new_gridimgs/new_FormFooterGradient.png" />
      <RootComponent type="61" schemaName="new_stylecrmgrid/new_gridimgs/new_FormHeaderGradientTop.png" />
      <RootComponent type="61" schemaName="new_stylecrmgrid/new_gridimgs/new_formnav_header_back.gif" />
      <RootComponent type="61" schemaName="new_stylecrmgrid/new_gridimgs/new_FormTabLinkGradient.png" />
      <RootComponent type="61" schemaName="new_stylecrmgrid/new_gridimgs/new_form_masthead.png" />
      <RootComponent type="61" schemaName="new_stylecrmgrid/new_gridimgs/new_form_toolbar_back.png" />
      <RootComponent type="61" schemaName="new_stylecrmgrid/new_gridimgs/new_GridColumnGradient.png" />
      <RootComponent type="61" schemaName="new_stylecrmgrid/new_gridimgs/new_GridTitleBarHorzLine.png" />
      <RootComponent type="61" schemaName="new_stylecrmgrid/new_gridimgs/new_GridToolbarBkgd.png" />
      <RootComponent type="61" schemaName="new_stylecrmgrid/new_gridimgs/new_grid_ctrl_imgs.png" />
      <RootComponent type="61" schemaName="new_stylecrmgrid/new_gridimgs/new_grid_ctrl_imgs2013.png" />
      <RootComponent type="61" schemaName="new_stylecrmgrid/new_gridimgs/new_ico_16_4400.gif" />
      <RootComponent type="61" schemaName="new_stylecrmgrid/new_gridimgs/new_ico_16_insertCheck.gif" />
      <RootComponent type="61" schemaName="new_stylecrmgrid/new_gridimgs/new_inlineedit_images.png" />
      <RootComponent type="61" schemaName="new_stylecrmgrid/new_gridimgs/new_masthead_live_rtl.jpg" />
      <RootComponent type="61" schemaName="new_stylecrmgrid/new_gridimgs/new_masthead_rtl.jpg" />
      <RootComponent type="61" schemaName="new_stylecrmgrid/new_gridimgs/new_mast_back.gif" />
      <RootComponent type="61" schemaName="new_stylecrmgrid/new_gridimgs/new_menu_margin.gif" />
      <RootComponent type="61" schemaName="new_stylecrmgrid/new_gridimgs/new_nav_header_back.gif" />
      <RootComponent type="61" schemaName="new_stylecrmgrid/new_gridimgs/new_nav_hover_highlight.png" />
      <RootComponent type="61" schemaName="new_stylecrmgrid/new_gridimgs/new_pcc_images.png" />
      <RootComponent type="61" schemaName="new_stylecrmgrid/new_gridimgs/new_process_control_images.png" />
      <RootComponent type="61" schemaName="new_stylecrmgrid/new_gridimgs/new_progress2013.gif" />
      <RootComponent type="61" schemaName="new_stylecrmgrid/new_gridimgs/new_rbgbbg.png" />
      <RootComponent type="61" schemaName="new_stylecrmgrid/new_gridimgs/new_refresh_commandbar_images.png" />
      <RootComponent type="61" schemaName="new_stylecrmgrid/new_gridimgs/new_repeat_x_1.png" />
      <RootComponent type="61" schemaName="new_stylecrmgrid/new_gridimgs/new_repeat_x_14.png" />
      <RootComponent type="61" schemaName="new_stylecrmgrid/new_gridimgs/new_repeat_x_15.png" />
      <RootComponent type="61" schemaName="new_stylecrmgrid/new_gridimgs/new_repeat_x_16.png" />
      <RootComponent type="61" schemaName="new_stylecrmgrid/new_gridimgs/new_ribbon.png" />
      <RootComponent type="61" schemaName="new_stylecrmgrid/new_gridimgs/new_ribbonhomepage.png" />
      <RootComponent type="61" schemaName="new_stylecrmgrid/new_gridimgs/new_RightClickMenuChannel.png" />
      <RootComponent type="61" schemaName="new_stylecrmgrid/new_gridimgs/new_TabGradient.gif" />
      <RootComponent type="61" schemaName="new_stylecrmgrid/new_gridimgs/new_transparent_spacer.gif" />
      <RootComponent type="61" schemaName="new_stylecrmgrid/new_gridimgs/new_transparent_spacer2013.gif" />
      <RootComponent type="61" schemaName="new_stylecrmgrid/new_gridimgs/new_ui_icons_469bdd_256x240.png" />
      <RootComponent type="61" schemaName="new_stylecrmgrid/new_gridimgs/new_visualization.png" />
      <RootComponent type="61" schemaName="new_stylecrmgrid/new_gridimgs/new_wunderbar_hover.png" />
      <RootComponent type="61" schemaName="new_stylecrmgrid/new_gridimgs/new_wunderbar_rest.png" />
      <RootComponent type="61" schemaName="new_stylecrmgrid/new_gridimgs/new_wunderbar_sel.png" />
      <RootComponent type="61" schemaName="new_stylecrmgrid/new_menu.css" />
      <RootComponent type="61" schemaName="new_stylecrmgrid/new_menucore.css" />
      <RootComponent type="61" schemaName="new_stylecrmgrid/new_select.css" />
      <RootComponent type="61" schemaName="new_stylecrmgrid/new_site.css" />
      <RootComponent type="61" schemaName="new_stylecrmgrid/new_theme.css" />
    </RootComponents>
    <MissingDependencies>
      <MissingDependency>
        <Required key="0" type="1" schemaName="new_customer_cover" displayName="כיסוי ללקוח" solution="Active" />
        <Dependent key="1" type="60" parentDisplayName="תיק לקוח" id="{63061311-f106-4b8c-b337-b3b06c31042c}" />
      </MissingDependency>
      <MissingDependency>
        <Required key="0" type="1" schemaName="new_customer_cover" displayName="כיסוי ללקוח" solution="Active" />
        <Dependent key="2" type="60" parentDisplayName="תיק לקוח" id="{b053a39a-041a-4356-acef-ddf00182762b}" />
      </MissingDependency>
      <MissingDependency>
        <Required key="3" type="1" schemaName="new_auditlog" displayName="מעקב שינויים" solution="Active" />
        <Dependent key="1" type="60" parentDisplayName="תיק לקוח" id="{63061311-f106-4b8c-b337-b3b06c31042c}" />
      </MissingDependency>
      <MissingDependency>
        <Required key="4" type="1" schemaName="new_accountemployerdata" displayName="קשר מבוטח מעסיק" solution="Active" />
        <Dependent key="1" type="60" parentDisplayName="תיק לקוח" id="{63061311-f106-4b8c-b337-b3b06c31042c}" />
      </MissingDependency>
      <MissingDependency>
        <Required key="5" type="1" schemaName="new_accountproduct" displayName="מוצר ללקוח" solution="Active" />
        <Dependent key="2" type="60" parentDisplayName="תיק לקוח" id="{b053a39a-041a-4356-acef-ddf00182762b}" />
      </MissingDependency>
      <MissingDependency>
        <Required key="5" type="1" schemaName="new_accountproduct" displayName="מוצר ללקוח" solution="Active" />
        <Dependent key="1" type="60" parentDisplayName="תיק לקוח" id="{63061311-f106-4b8c-b337-b3b06c31042c}" />
      </MissingDependency>
      <MissingDependency>
        <Required key="6" type="1" schemaName="new_city" displayName="עיר" solution="Active" />
        <Dependent key="7" type="10" schemaName="new_new_city_account_2" />
      </MissingDependency>
      <MissingDependency>
        <Required key="8" type="1" schemaName="new_employer" displayName="מעסיק" solution="Active" />
        <Dependent key="9" type="10" schemaName="new_new_employer_account" />
      </MissingDependency>
      <MissingDependency>
        <Required key="10" type="1" schemaName="new_operationalsystemshistory" displayName="היסטוריית מערכות תפעוליות" solution="Active" />
        <Dependent key="1" type="60" parentDisplayName="תיק לקוח" id="{63061311-f106-4b8c-b337-b3b06c31042c}" />
      </MissingDependency>
      <MissingDependency>
        <Required key="10" type="1" schemaName="new_operationalsystemshistory" displayName="היסטוריית מערכות תפעוליות" solution="Active" />
        <Dependent key="11" type="60" parentDisplayName="תיק לקוח" id="{53be287b-e84b-4e82-ae5c-0f976e73ccf8}" />
      </MissingDependency>
      <MissingDependency>
        <Required key="12" type="1" schemaName="new_powerattorney" displayName="ייפוי כוח" solution="Active" />
        <Dependent key="2" type="60" parentDisplayName="תיק לקוח" id="{b053a39a-041a-4356-acef-ddf00182762b}" />
      </MissingDependency>
      <MissingDependency>
        <Required key="13" type="2" schemaName="new_employerid" displayName="מעסיק" parentSchemaName="new_employer" parentDisplayName="מעסיק" solution="Active" />
        <Dependent key="9" type="10" schemaName="new_new_employer_account" />
      </MissingDependency>
      <MissingDependency>
        <Required key="13" type="2" schemaName="new_employerid" displayName="מעסיק" parentSchemaName="new_employer" parentDisplayName="מעסיק" solution="Active" />
        <Dependent key="9" type="10" schemaName="new_new_employer_account" />
      </MissingDependency>
      <MissingDependency>
        <Required key="14" type="2" schemaName="new_name" displayName="שם" parentSchemaName="new_city" parentDisplayName="עיר" solution="Active" />
        <Dependent key="7" type="10" schemaName="new_new_city_account_2" />
      </MissingDependency>
      <MissingDependency>
        <Required key="14" type="2" schemaName="new_name" displayName="שם" parentSchemaName="new_city" parentDisplayName="עיר" solution="Active" />
        <Dependent key="7" type="10" schemaName="new_new_city_account_2" />
      </MissingDependency>
      <MissingDependency>
        <Required key="14" type="2" schemaName="new_name" displayName="שם" parentSchemaName="new_city" parentDisplayName="עיר" solution="Active" />
        <Dependent key="15" type="10" schemaName="new_new_city_account" />
      </MissingDependency>
      <MissingDependency>
        <Required key="14" type="2" schemaName="new_name" displayName="שם" parentSchemaName="new_city" parentDisplayName="עיר" solution="Active" />
        <Dependent key="7" type="10" schemaName="new_new_city_account_2" />
      </MissingDependency>
      <MissingDependency>
        <Required key="16" type="2" schemaName="new_name" displayName="שם מעסיק" parentSchemaName="new_employer" parentDisplayName="מעסיק" solution="Active" />
        <Dependent key="9" type="10" schemaName="new_new_employer_account" />
      </MissingDependency>
      <MissingDependency>
        <Required key="16" type="2" schemaName="new_name" displayName="שם מעסיק" parentSchemaName="new_employer" parentDisplayName="מעסיק" solution="Active" />
        <Dependent key="9" type="10" schemaName="new_new_employer_account" />
      </MissingDependency>
      <MissingDependency>
        <Required key="16" type="2" schemaName="new_name" displayName="שם מעסיק" parentSchemaName="new_employer" parentDisplayName="מעסיק" solution="Active" />
        <Dependent key="9" type="10" schemaName="new_new_employer_account" />
      </MissingDependency>
      <MissingDependency>
        <Required key="16" type="2" schemaName="new_name" displayName="שם מעסיק" parentSchemaName="new_employer" parentDisplayName="מעסיק" solution="Active" />
        <Dependent key="17" type="10" schemaName="new_new_employer_account2" />
      </MissingDependency>
      <MissingDependency>
        <Required key="18" type="2" schemaName="new_cityid" displayName="עיר" parentSchemaName="new_city" parentDisplayName="עיר" solution="Active" />
        <Dependent key="7" type="10" schemaName="new_new_city_account_2" />
      </MissingDependency>
      <MissingDependency>
        <Required key="18" type="2" schemaName="new_cityid" displayName="עיר" parentSchemaName="new_city" parentDisplayName="עיר" solution="Active" />
        <Dependent key="7" type="10" schemaName="new_new_city_account_2" />
      </MissingDependency>
      <MissingDependency>
        <Required key="19" type="9" schemaName="new_statusinternet" displayName="סטטוס באתר" solution="Active" />
        <Dependent key="20" type="2" schemaName="new_statusinternet" displayName="סטטוס באתר" parentSchemaName="account" parentDisplayName="תיק לקוח" />
      </MissingDependency>
      <MissingDependency>
        <Required key="21" type="10" schemaName="new_account_new_accountproduct" solution="Active" />
        <Dependent key="2" type="60" parentDisplayName="תיק לקוח" id="{b053a39a-041a-4356-acef-ddf00182762b}" />
      </MissingDependency>
      <MissingDependency>
        <Required key="21" type="10" schemaName="new_account_new_accountproduct" solution="Active" />
        <Dependent key="1" type="60" parentDisplayName="תיק לקוח" id="{63061311-f106-4b8c-b337-b3b06c31042c}" />
      </MissingDependency>
      <MissingDependency>
        <Required key="22" type="10" schemaName="new_account_new_operationalsystemshistory_customer" solution="Active" />
        <Dependent key="1" type="60" parentDisplayName="תיק לקוח" id="{63061311-f106-4b8c-b337-b3b06c31042c}" />
      </MissingDependency>
      <MissingDependency>
        <Required key="22" type="10" schemaName="new_account_new_operationalsystemshistory_customer" solution="Active" />
        <Dependent key="11" type="60" parentDisplayName="תיק לקוח" id="{53be287b-e84b-4e82-ae5c-0f976e73ccf8}" />
      </MissingDependency>
      <MissingDependency>
        <Required key="23" type="10" schemaName="new_account_task" solution="Active" />
        <Dependent key="2" type="60" parentDisplayName="תיק לקוח" id="{b053a39a-041a-4356-acef-ddf00182762b}" />
      </MissingDependency>
      <MissingDependency>
        <Required key="24" type="10" schemaName="new_account_new_customer_cover_customer" solution="Active" />
        <Dependent key="1" type="60" parentDisplayName="תיק לקוח" id="{63061311-f106-4b8c-b337-b3b06c31042c}" />
      </MissingDependency>
      <MissingDependency>
        <Required key="24" type="10" schemaName="new_account_new_customer_cover_customer" solution="Active" />
        <Dependent key="2" type="60" parentDisplayName="תיק לקוח" id="{b053a39a-041a-4356-acef-ddf00182762b}" />
      </MissingDependency>
      <MissingDependency>
        <Required key="24" type="10" schemaName="new_account_new_customer_cover_customer" solution="Active" />
        <Dependent key="11" type="60" parentDisplayName="תיק לקוח" id="{53be287b-e84b-4e82-ae5c-0f976e73ccf8}" />
      </MissingDependency>
      <MissingDependency>
        <Required key="25" type="10" schemaName="new_account_new_telemeeting" solution="Active" />
        <Dependent key="1" type="60" parentDisplayName="תיק לקוח" id="{63061311-f106-4b8c-b337-b3b06c31042c}" />
      </MissingDependency>
      <MissingDependency>
        <Required key="25" type="10" schemaName="new_account_new_telemeeting" solution="Active" />
        <Dependent key="2" type="60" parentDisplayName="תיק לקוח" id="{b053a39a-041a-4356-acef-ddf00182762b}" />
      </MissingDependency>
      <MissingDependency>
        <Required key="26" type="10" schemaName="new_account_new_auditlog" solution="Active" />
        <Dependent key="1" type="60" parentDisplayName="תיק לקוח" id="{63061311-f106-4b8c-b337-b3b06c31042c}" />
      </MissingDependency>
      <MissingDependency>
        <Required key="26" type="10" schemaName="new_account_new_auditlog" solution="Active" />
        <Dependent key="2" type="60" parentDisplayName="תיק לקוח" id="{b053a39a-041a-4356-acef-ddf00182762b}" />
      </MissingDependency>
      <MissingDependency>
        <Required key="26" type="10" schemaName="new_account_new_auditlog" solution="Active" />
        <Dependent key="11" type="60" parentDisplayName="תיק לקוח" id="{53be287b-e84b-4e82-ae5c-0f976e73ccf8}" />
      </MissingDependency>
      <MissingDependency>
        <Required key="27" type="10" schemaName="new_account_new_claim_account" solution="Active" />
        <Dependent key="11" type="60" parentDisplayName="תיק לקוח" id="{53be287b-e84b-4e82-ae5c-0f976e73ccf8}" />
      </MissingDependency>
      <MissingDependency>
        <Required key="28" type="10" schemaName="new_account_new_accountemployerdata_customer" solution="Active" />
        <Dependent key="1" type="60" parentDisplayName="תיק לקוח" id="{63061311-f106-4b8c-b337-b3b06c31042c}" />
      </MissingDependency>
      <MissingDependency>
        <Required key="29" type="10" schemaName="new_account_new_meetingsummary_telemeeting" solution="Active" />
        <Dependent key="2" type="60" parentDisplayName="תיק לקוח" id="{b053a39a-041a-4356-acef-ddf00182762b}" />
      </MissingDependency>
      <MissingDependency>
        <Required key="30" type="10" schemaName="new_account_new_powerattorney_customer" solution="Active" />
        <Dependent key="2" type="60" parentDisplayName="תיק לקוח" id="{b053a39a-041a-4356-acef-ddf00182762b}" />
      </MissingDependency>
      <MissingDependency>
        <Required key="31" type="10" schemaName="new_account_meetingsummary_telemeeting_spouse" solution="Active" />
        <Dependent key="2" type="60" parentDisplayName="תיק לקוח" id="{b053a39a-041a-4356-acef-ddf00182762b}" />
      </MissingDependency>
      <MissingDependency>
        <Required key="32" type="10" schemaName="new_account_new_healthpolicyforcust_account" solution="Active" />
        <Dependent key="11" type="60" parentDisplayName="תיק לקוח" id="{53be287b-e84b-4e82-ae5c-0f976e73ccf8}" />
      </MissingDependency>
      <MissingDependency>
        <Required key="6" type="1" schemaName="new_city" displayName="עיר" solution="Active" />
        <Dependent key="15" type="10" schemaName="new_new_city_account" />
      </MissingDependency>
      <MissingDependency>
        <Required key="6" type="1" schemaName="new_city" displayName="עיר" solution="Active" />
        <Dependent key="7" type="10" schemaName="new_new_city_account_2" />
      </MissingDependency>
      <MissingDependency>
        <Required key="33" type="1" schemaName="systemuser" displayName="משתמש" solution="System" />
        <Dependent key="34" type="10" schemaName="new_systemuser_account" />
      </MissingDependency>
      <MissingDependency>
        <Required key="35" type="1" schemaName="new_insurancecompany" displayName="יצרן" solution="Active" />
        <Dependent key="36" type="10" schemaName="new_account_new_insurancecompany" />
      </MissingDependency>
      <MissingDependency>
        <Required key="8" type="1" schemaName="new_employer" displayName="מעסיק" solution="Active" />
        <Dependent key="9" type="10" schemaName="new_new_employer_account" />
      </MissingDependency>
      <MissingDependency>
        <Required key="8" type="1" schemaName="new_employer" displayName="מעסיק" solution="Active" />
        <Dependent key="17" type="10" schemaName="new_new_employer_account2" />
      </MissingDependency>
      <MissingDependency>
        <Required key="37" type="20" displayName="מבטח סימון - רצ מוקד משל" solution="Active" id="{ce09c4eb-df6e-e211-bab9-005056840006}" />
        <Dependent key="1" type="60" parentDisplayName="תיק לקוח" id="{63061311-f106-4b8c-b337-b3b06c31042c}" />
      </MissingDependency>
      <MissingDependency>
        <Required key="38" type="20" displayName="מבטח סימון- ביטול הפעלה" solution="Active" id="{f75dd0ce-d091-e111-a82b-005056840006}" />
        <Dependent key="2" type="60" parentDisplayName="תיק לקוח" id="{b053a39a-041a-4356-acef-ddf00182762b}" />
      </MissingDependency>
      <MissingDependency>
        <Required key="39" type="20" displayName="מבטח סיימון - רכזת שירות" solution="Active" id="{aee07049-46c6-e011-84e4-005056bf5368}" />
        <Dependent key="2" type="60" parentDisplayName="תיק לקוח" id="{b053a39a-041a-4356-acef-ddf00182762b}" />
      </MissingDependency>
      <MissingDependency>
        <Required key="40" type="20" displayName="מבטח סיימון - מתאמת שירות" solution="Active" id="{d94b7bf9-3a8f-df11-abf8-005056bf56e2}" />
        <Dependent key="2" type="60" parentDisplayName="תיק לקוח" id="{b053a39a-041a-4356-acef-ddf00182762b}" />
      </MissingDependency>
      <MissingDependency>
        <Required key="41" type="20" displayName="מבטח סימון- בריאות - מנהל תיק" solution="Active" id="{cac19555-f7a8-e311-9879-005056bf0052}" />
        <Dependent key="11" type="60" parentDisplayName="תיק לקוח" id="{53be287b-e84b-4e82-ae5c-0f976e73ccf8}" />
      </MissingDependency>
      <MissingDependency>
        <Required key="42" type="20" displayName="מבטח סימון - נציג שירות משל" solution="Active" id="{e4703655-0ed7-e111-8e70-005056840006}" />
        <Dependent key="1" type="60" parentDisplayName="תיק לקוח" id="{63061311-f106-4b8c-b337-b3b06c31042c}" />
      </MissingDependency>
      <MissingDependency>
        <Required key="43" type="20" displayName="מבטח סימון - בקשות פיתוח וצפייה בדרישות פיתוח" solution="Active" id="{07cd8066-7dd9-e211-8efa-005056840006}" />
        <Dependent key="2" type="60" parentDisplayName="תיק לקוח" id="{b053a39a-041a-4356-acef-ddf00182762b}" />
      </MissingDependency>
      <MissingDependency>
        <Required key="44" type="20" displayName="מבטח סימון - מנהל חטיבה" solution="Active" id="{48efc2c2-0fdd-e011-8804-005056bf5368}" />
        <Dependent key="2" type="60" parentDisplayName="תיק לקוח" id="{b053a39a-041a-4356-acef-ddf00182762b}" />
      </MissingDependency>
      <MissingDependency>
        <Required key="45" type="20" displayName="מבטח סימון - אחראי תגמול" solution="Active" id="{97587e02-1bb9-e011-8e6d-005056bf5b3f}" />
        <Dependent key="2" type="60" parentDisplayName="תיק לקוח" id="{b053a39a-041a-4356-acef-ddf00182762b}" />
      </MissingDependency>
      <MissingDependency>
        <Required key="46" type="20" displayName="מבטח סימון- בריאות- נציג שירות" solution="Active" id="{1ff0f23b-3ed3-e211-b50d-005056840002}" />
        <Dependent key="11" type="60" parentDisplayName="תיק לקוח" id="{53be287b-e84b-4e82-ae5c-0f976e73ccf8}" />
      </MissingDependency>
      <MissingDependency>
        <Required key="47" type="20" displayName="מבטח סימון - מנהל יצרנים ומוצרי יצרן" solution="Active" id="{56217e6d-9bc9-e011-8804-005056bf5368}" />
        <Dependent key="2" type="60" parentDisplayName="תיק לקוח" id="{b053a39a-041a-4356-acef-ddf00182762b}" />
      </MissingDependency>
      <MissingDependency>
        <Required key="48" type="20" displayName="מבטח סימון - נציג BO משל" solution="Active" id="{c8b2f246-20f0-e111-8e70-005056840006}" />
        <Dependent key="1" type="60" parentDisplayName="תיק לקוח" id="{63061311-f106-4b8c-b337-b3b06c31042c}" />
      </MissingDependency>
      <MissingDependency>
        <Required key="49" type="20" displayName="מבטח סימון - מנהל השקעות" solution="Active" id="{c8e89d55-5e24-e011-b85e-005056bf5368}" />
        <Dependent key="2" type="60" parentDisplayName="תיק לקוח" id="{b053a39a-041a-4356-acef-ddf00182762b}" />
      </MissingDependency>
      <MissingDependency>
        <Required key="50" type="20" displayName="מבטח סימון- הבטחת איכות" solution="Active" id="{23da2713-f69f-e111-8038-005056840006}" />
        <Dependent key="2" type="60" parentDisplayName="תיק לקוח" id="{b053a39a-041a-4356-acef-ddf00182762b}" />
      </MissingDependency>
      <MissingDependency>
        <Required key="51" type="20" displayName="מבטח סימון - זמני - בכירים (תוספת משימות ארגון)" solution="Active" id="{5eb444c8-78b2-e311-9879-005056bf0052}" />
        <Dependent key="2" type="60" parentDisplayName="תיק לקוח" id="{b053a39a-041a-4356-acef-ddf00182762b}" />
      </MissingDependency>
      <MissingDependency>
        <Required key="52" type="20" displayName="מבטח סיימון - מתאמת פגישות בכירה" solution="Active" id="{e2222bc1-f17e-e111-a82b-005056840006}" />
        <Dependent key="2" type="60" parentDisplayName="תיק לקוח" id="{b053a39a-041a-4356-acef-ddf00182762b}" />
      </MissingDependency>
      <MissingDependency>
        <Required key="53" type="20" displayName="מבטח סימון - נציג פיננסיים" solution="Active" id="{04ffbbdf-9f4a-e111-bc54-005056840006}" />
        <Dependent key="2" type="60" parentDisplayName="תיק לקוח" id="{b053a39a-041a-4356-acef-ddf00182762b}" />
      </MissingDependency>
      <MissingDependency>
        <Required key="54" type="20" displayName="מבטח סיימון - צפייה בתורים" solution="Active" id="{5c38412e-1c1b-e311-b81c-005056840006}" />
        <Dependent key="2" type="60" parentDisplayName="תיק לקוח" id="{b053a39a-041a-4356-acef-ddf00182762b}" />
      </MissingDependency>
      <MissingDependency>
        <Required key="55" type="20" displayName="מבטח סימון- בריאות- נציג תביעות" solution="Active" id="{69a4c96c-4dd3-e211-b50d-005056840002}" />
        <Dependent key="11" type="60" parentDisplayName="תיק לקוח" id="{53be287b-e84b-4e82-ae5c-0f976e73ccf8}" />
      </MissingDependency>
      <MissingDependency>
        <Required key="56" type="20" displayName="אחראי על התאמה אישית של המערכת" solution="System" id="{7893638d-b41f-df11-9131-005056bf55a6}" parentId="{119f245c-3cc8-4b62-b31c-d1a046ced15d}" />
        <Dependent key="11" type="60" parentDisplayName="תיק לקוח" id="{53be287b-e84b-4e82-ae5c-0f976e73ccf8}" />
      </MissingDependency>
      <MissingDependency>
        <Required key="56" type="20" displayName="אחראי על התאמה אישית של המערכת" solution="System" id="{7893638d-b41f-df11-9131-005056bf55a6}" parentId="{119f245c-3cc8-4b62-b31c-d1a046ced15d}" />
        <Dependent key="1" type="60" parentDisplayName="תיק לקוח" id="{63061311-f106-4b8c-b337-b3b06c31042c}" />
      </MissingDependency>
      <MissingDependency>
        <Required key="56" type="20" displayName="אחראי על התאמה אישית של המערכת" solution="System" id="{7893638d-b41f-df11-9131-005056bf55a6}" parentId="{119f245c-3cc8-4b62-b31c-d1a046ced15d}" />
        <Dependent key="2" type="60" parentDisplayName="תיק לקוח" id="{b053a39a-041a-4356-acef-ddf00182762b}" />
      </MissingDependency>
      <MissingDependency>
        <Required key="57" type="20" displayName="מבטח סימון - רכזת קשרי לקוחות" solution="Active" id="{6f738e6f-e4e4-df11-bf80-005056bf4035}" />
        <Dependent key="2" type="60" parentDisplayName="תיק לקוח" id="{b053a39a-041a-4356-acef-ddf00182762b}" />
      </MissingDependency>
      <MissingDependency>
        <Required key="58" type="20" displayName="מבטח סימון - מנהל מערך" solution="Active" id="{0b948cee-9621-e111-a239-005056bf5368}" />
        <Dependent key="2" type="60" parentDisplayName="תיק לקוח" id="{b053a39a-041a-4356-acef-ddf00182762b}" />
      </MissingDependency>
      <MissingDependency>
        <Required key="59" type="20" displayName="מבטח סימון- בריאות - מכירות" solution="Active" id="{8877420e-fea8-e311-9879-005056bf0052}" />
        <Dependent key="11" type="60" parentDisplayName="תיק לקוח" id="{53be287b-e84b-4e82-ae5c-0f976e73ccf8}" />
      </MissingDependency>
      <MissingDependency>
        <Required key="60" type="20" displayName="מבטח סימון - זמני - הכנת קיט חומרים (תוספת תהליכי תיאום ארגון)" solution="Active" id="{18f0b5ea-78b2-e311-9879-005056bf0052}" />
        <Dependent key="2" type="60" parentDisplayName="תיק לקוח" id="{b053a39a-041a-4356-acef-ddf00182762b}" />
      </MissingDependency>
      <MissingDependency>
        <Required key="61" type="20" displayName="מבטח סימון - עדכון שאלות סבתא" solution="Active" id="{89214483-3e9c-e211-9a6c-005056840006}" />
        <Dependent key="2" type="60" parentDisplayName="תיק לקוח" id="{b053a39a-041a-4356-acef-ddf00182762b}" />
      </MissingDependency>
      <MissingDependency>
        <Required key="62" type="20" displayName="מבטח סימון - הפניות עובד" solution="Active" id="{828c8ac6-481f-e111-94cd-005056bf3307}" />
        <Dependent key="2" type="60" parentDisplayName="תיק לקוח" id="{b053a39a-041a-4356-acef-ddf00182762b}" />
      </MissingDependency>
      <MissingDependency>
        <Required key="63" type="20" displayName="מבטח סימון - נציג שירות לקוחות" solution="Active" id="{b59bc078-dd6f-e011-8c51-005056bf5b3f}" />
        <Dependent key="2" type="60" parentDisplayName="תיק לקוח" id="{b053a39a-041a-4356-acef-ddf00182762b}" />
      </MissingDependency>
      <MissingDependency>
        <Required key="64" type="20" displayName="מבטח סיימון - צוות תמיכה" solution="Active" id="{9c8043ea-f4f7-df11-a384-005056bf5368}" />
        <Dependent key="2" type="60" parentDisplayName="תיק לקוח" id="{b053a39a-041a-4356-acef-ddf00182762b}" />
      </MissingDependency>
      <MissingDependency>
        <Required key="65" type="20" displayName="מבטח סימון - ר&quot;צ BO" solution="Active" id="{eed264e6-40ab-e211-8e80-005056840006}" />
        <Dependent key="1" type="60" parentDisplayName="תיק לקוח" id="{63061311-f106-4b8c-b337-b3b06c31042c}" />
      </MissingDependency>
      <MissingDependency>
        <Required key="66" type="20" displayName="מבטח סימון - מנהל תיק" solution="Active" id="{1c9d4b14-348f-df11-abf8-005056bf56e2}" />
        <Dependent key="2" type="60" parentDisplayName="תיק לקוח" id="{b053a39a-041a-4356-acef-ddf00182762b}" />
      </MissingDependency>
      <MissingDependency>
        <Required key="67" type="20" displayName="מבטח סיימון - BO" solution="Active" id="{1c51fec0-3e8f-df11-abf8-005056bf56e2}" />
        <Dependent key="2" type="60" parentDisplayName="תיק לקוח" id="{b053a39a-041a-4356-acef-ddf00182762b}" />
      </MissingDependency>
      <MissingDependency>
        <Required key="68" type="20" displayName="מבטח סימון - ראש צוות פיננסים" solution="Active" id="{3d4e9863-8da2-e111-8038-005056840006}" />
        <Dependent key="2" type="60" parentDisplayName="תיק לקוח" id="{b053a39a-041a-4356-acef-ddf00182762b}" />
      </MissingDependency>
      <MissingDependency>
        <Required key="69" type="20" displayName="מבטח סימון - מנהל נציג שירות לקוחות" solution="Active" id="{5a769799-9775-e011-a6e2-005056bf3307}" />
        <Dependent key="2" type="60" parentDisplayName="תיק לקוח" id="{b053a39a-041a-4356-acef-ddf00182762b}" />
      </MissingDependency>
      <MissingDependency>
        <Required key="70" type="20" displayName="מבטח סימון - תפעול" solution="Active" id="{3de63dbd-0fcf-e111-8a10-005056840006}" />
        <Dependent key="2" type="60" parentDisplayName="תיק לקוח" id="{b053a39a-041a-4356-acef-ddf00182762b}" />
      </MissingDependency>
      <MissingDependency>
        <Required key="71" type="20" displayName="מבטח סימון - יצירת מעסיקים" solution="Active" id="{07085aa5-d971-e111-bdea-005056840006}" />
        <Dependent key="2" type="60" parentDisplayName="תיק לקוח" id="{b053a39a-041a-4356-acef-ddf00182762b}" />
      </MissingDependency>
      <MissingDependency>
        <Required key="72" type="20" displayName="מבטח סימון- נציג פניות הציבור" solution="Active" id="{e824f48a-41ab-e211-8e80-005056840006}" />
        <Dependent key="2" type="60" parentDisplayName="תיק לקוח" id="{b053a39a-041a-4356-acef-ddf00182762b}" />
      </MissingDependency>
      <MissingDependency>
        <Required key="73" type="1" schemaName="product" displayName="מוצר" solution="System" />
        <Dependent key="74" type="22" id="{8190c405-1ad3-e011-8c4e-005056840006}" />
      </MissingDependency>
      <MissingDependency>
        <Required key="75" type="1" schemaName="serviceappointment" displayName="פעילות שירות" solution="System" />
        <Dependent key="74" type="22" id="{8190c405-1ad3-e011-8c4e-005056840006}" />
      </MissingDependency>
      <MissingDependency>
        <Required key="76" type="1" schemaName="incident" displayName="פניה" solution="System" />
        <Dependent key="74" type="22" id="{8190c405-1ad3-e011-8c4e-005056840006}" />
      </MissingDependency>
      <MissingDependency>
        <Required key="77" type="1" schemaName="contract" displayName="חוזה" solution="System" />
        <Dependent key="74" type="22" id="{8190c405-1ad3-e011-8c4e-005056840006}" />
      </MissingDependency>
      <MissingDependency>
        <Required key="78" type="1" schemaName="kbarticle" displayName="מאמר" solution="System" />
        <Dependent key="74" type="22" id="{8190c405-1ad3-e011-8c4e-005056840006}" />
      </MissingDependency>
      <MissingDependency>
        <Required key="79" type="1" schemaName="contact" displayName="איש קשר" solution="System" />
        <Dependent key="74" type="22" id="{8190c405-1ad3-e011-8c4e-005056840006}" />
      </MissingDependency>
      <MissingDependency>
        <Required key="80" type="26" schemaName="היסטוריית הזדהות בתיק לקוח" displayName="היסטוריית הזדהות בתיק לקוח" parentSchemaName="new_auditlog" parentDisplayName="מעקב שינויים" solution="Active" id="{c92562d8-3b66-e211-bab9-005056840006}" />
        <Dependent key="1" type="60" parentDisplayName="תיק לקוח" id="{63061311-f106-4b8c-b337-b3b06c31042c}" />
      </MissingDependency>
      <MissingDependency>
        <Required key="81" type="26" schemaName="פריטים פעילים מסוג 'מוצרים ללקוח'" displayName="פריטים פעילים מסוג 'מוצרים ללקוח'" parentSchemaName="new_accountproduct" parentDisplayName="מוצר ללקוח" solution="Active" id="{2da68031-64fc-4962-9f21-7d18f3322dee}" />
        <Dependent key="1" type="60" parentDisplayName="תיק לקוח" id="{63061311-f106-4b8c-b337-b3b06c31042c}" />
      </MissingDependency>
      <MissingDependency>
        <Required key="82" type="26" schemaName="פריטים פעילים מסוג 'קשר מבוטח מעסיק'" displayName="פריטים פעילים מסוג 'קשר מבוטח מעסיק'" parentSchemaName="new_accountemployerdata" parentDisplayName="קשר מבוטח מעסיק" solution="Active" id="{e567a82e-9750-496b-ace4-7cda12f54a22}" />
        <Dependent key="1" type="60" parentDisplayName="תיק לקוח" id="{63061311-f106-4b8c-b337-b3b06c31042c}" />
      </MissingDependency>
      <MissingDependency>
        <Required key="83" type="26" schemaName="פריטים פעילים מסוג 'כיסוים ללקוח'" displayName="פריטים פעילים מסוג 'כיסוים ללקוח'" parentSchemaName="new_customer_cover" parentDisplayName="כיסוי ללקוח" solution="Active" id="{c66e5e51-f521-4622-8473-bbf0a7339f28}" />
        <Dependent key="1" type="60" parentDisplayName="תיק לקוח" id="{63061311-f106-4b8c-b337-b3b06c31042c}" />
      </MissingDependency>
      <MissingDependency>
        <Required key="83" type="26" schemaName="פריטים פעילים מסוג 'כיסוים ללקוח'" displayName="פריטים פעילים מסוג 'כיסוים ללקוח'" parentSchemaName="new_customer_cover" parentDisplayName="כיסוי ללקוח" solution="Active" id="{c66e5e51-f521-4622-8473-bbf0a7339f28}" />
        <Dependent key="2" type="60" parentDisplayName="תיק לקוח" id="{b053a39a-041a-4356-acef-ddf00182762b}" />
      </MissingDependency>
      <MissingDependency>
        <Required key="84" type="26" schemaName="אנשי הקשר הפעילים שלי" displayName="אנשי הקשר הפעילים שלי" parentSchemaName="contact" parentDisplayName="איש קשר" solution="System" id="{00000000-0000-0000-00aa-000010001003}" />
        <Dependent key="2" type="60" parentDisplayName="תיק לקוח" id="{b053a39a-041a-4356-acef-ddf00182762b}" />
      </MissingDependency>
      <MissingDependency>
        <Required key="85" type="26" schemaName="יפוי כח בתיק לקוח" displayName="יפוי כח בתיק לקוח" parentSchemaName="new_powerattorney" parentDisplayName="ייפוי כוח" solution="Active" id="{d5288c10-4a0e-e311-b81c-005056840006}" />
        <Dependent key="2" type="60" parentDisplayName="תיק לקוח" id="{b053a39a-041a-4356-acef-ddf00182762b}" />
      </MissingDependency>
      <MissingDependency>
        <Required key="86" type="26" schemaName="פריטים פעילים עבור טופס בריאות מסוג 'היסטוריית מערכות תפעוליות'" displayName="פריטים פעילים עבור טופס בריאות מסוג 'היסטוריית מערכות תפעוליות'" parentSchemaName="new_operationalsystemshistory" parentDisplayName="היסטוריית מערכות תפעוליות" solution="Active" id="{08023bef-03b5-e311-811f-005056841be1}" />
        <Dependent key="11" type="60" parentDisplayName="תיק לקוח" id="{53be287b-e84b-4e82-ae5c-0f976e73ccf8}" />
      </MissingDependency>
      <MissingDependency>
        <Required key="87" type="26" schemaName="פריטים פעילים עבור טופס מש&quot;ל מסוג 'היסטוריית מערכות תפעוליות'" displayName="פריטים פעילים עבור טופס מש&quot;ל מסוג 'היסטוריית מערכות תפעוליות'" parentSchemaName="new_operationalsystemshistory" parentDisplayName="היסטוריית מערכות תפעוליות" solution="Active" id="{2861d7e4-01b5-e311-811f-005056841be1}" />
        <Dependent key="1" type="60" parentDisplayName="תיק לקוח" id="{63061311-f106-4b8c-b337-b3b06c31042c}" />
      </MissingDependency>
      <MissingDependency>
        <Required key="88" type="26" schemaName="תצוגת בדיקת מידע של מעסיק" displayName="תצוגת בדיקת מידע של מעסיק" parentSchemaName="new_employer" parentDisplayName="מעסיק" solution="Active" id="{345bc52f-a220-441f-aeea-eeec45e4e0f0}" />
        <Dependent key="1" type="60" parentDisplayName="תיק לקוח" id="{63061311-f106-4b8c-b337-b3b06c31042c}" />
      </MissingDependency>
      <MissingDependency>
        <Required key="89" type="26" schemaName="כל קשרי הלקוחות" displayName="כל קשרי הלקוחות" parentSchemaName="customerrelationship" parentDisplayName="קשרי לקוחות" solution="System" id="{b837855e-a163-42e8-b91f-596175e5b9e4}" />
        <Dependent key="1" type="60" parentDisplayName="תיק לקוח" id="{63061311-f106-4b8c-b337-b3b06c31042c}" />
      </MissingDependency>
      <MissingDependency>
        <Required key="90" type="26" schemaName="תצוגה משוייכת בתיק לקוח" displayName="תצוגה משוייכת בתיק לקוח" parentSchemaName="new_accountproduct" parentDisplayName="מוצר ללקוח" solution="Active" id="{766e6078-73df-e011-99c5-005056840006}" />
        <Dependent key="2" type="60" parentDisplayName="תיק לקוח" id="{b053a39a-041a-4356-acef-ddf00182762b}" />
      </MissingDependency>
      <MissingDependency>
        <Required key="91" type="26" schemaName="פניות שירות לקוחות בתיק לקוח" displayName="פניות שירות לקוחות בתיק לקוח" parentSchemaName="incident" parentDisplayName="פניה" solution="Active" id="{378d6737-fec4-e111-8a10-005056840006}" />
        <Dependent key="1" type="60" parentDisplayName="תיק לקוח" id="{63061311-f106-4b8c-b337-b3b06c31042c}" />
      </MissingDependency>
      <MissingDependency>
        <Required key="92" type="26" schemaName="תהליכי שירות בריאות בתיק לקוח" displayName="תהליכי שירות בריאות בתיק לקוח" parentSchemaName="incident" parentDisplayName="פניה" solution="Active" id="{ab74eb9d-2130-e311-adb0-005056840006}" />
        <Dependent key="11" type="60" parentDisplayName="תיק לקוח" id="{53be287b-e84b-4e82-ae5c-0f976e73ccf8}" />
      </MissingDependency>
      <MissingDependency>
        <Required key="93" type="26" schemaName="פעילויות פתוחות" displayName="פעילויות פתוחות" parentSchemaName="activitypointer" parentDisplayName="פעילות" solution="System" id="{00000000-0000-0000-00aa-000010001900}" />
        <Dependent key="2" type="60" parentDisplayName="תיק לקוח" id="{b053a39a-041a-4356-acef-ddf00182762b}" />
      </MissingDependency>
      <MissingDependency>
        <Required key="94" type="59" schemaName="אירועים לפי מקור (לפי יום)" displayName="אירועים לפי מקור (לפי יום)" parentSchemaName="incident" parentDisplayName="פניה" solution="System" id="{b9687708-255f-df11-ae90-00155d2e3002}" />
        <Dependent key="11" type="60" parentDisplayName="תיק לקוח" id="{53be287b-e84b-4e82-ae5c-0f976e73ccf8}" />
      </MissingDependency>
      <MissingDependency>
        <Required key="95" type="59" schemaName="סטטוס פניות" displayName="סטטוס פניות" parentSchemaName="incident" parentDisplayName="פניה" solution="Active" id="{307888d9-bbea-e111-8e70-005056840006}" />
        <Dependent key="1" type="60" parentDisplayName="תיק לקוח" id="{63061311-f106-4b8c-b337-b3b06c31042c}" />
      </MissingDependency>
      <MissingDependency>
        <Required key="96" type="61" schemaName="new_jquery_1.11.1" displayName="new_jquery_1.11.1" solution="Active" />
        <Dependent key="97" type="60" parentDisplayName="GuardianTest" id="{451b7f12-7f6b-4548-91cf-6c6b7a5554cc}" />
      </MissingDependency>
      <MissingDependency>
        <Required key="98" type="61" schemaName="new_MVS.CrmLib" displayName="new_MVS.CrmLib" solution="Active" />
        <Dependent key="1" type="60" parentDisplayName="תיק לקוח" id="{63061311-f106-4b8c-b337-b3b06c31042c}" />
      </MissingDependency>
      <MissingDependency>
        <Required key="98" type="61" schemaName="new_MVS.CrmLib" displayName="new_MVS.CrmLib" solution="Active" />
        <Dependent key="11" type="60" parentDisplayName="תיק לקוח" id="{53be287b-e84b-4e82-ae5c-0f976e73ccf8}" />
      </MissingDependency>
      <MissingDependency>
        <Required key="99" type="61" schemaName="new_MVS.Configuration" displayName="new_MVS.Configuration" solution="Active" />
        <Dependent key="1" type="60" parentDisplayName="תיק לקוח" id="{63061311-f106-4b8c-b337-b3b06c31042c}" />
      </MissingDependency>
      <MissingDependency>
        <Required key="100" type="61" schemaName="new_MVS.GlobalNew" displayName="new_MVS.GlobalNew" solution="Active" />
        <Dependent key="2" type="60" parentDisplayName="תיק לקוח" id="{b053a39a-041a-4356-acef-ddf00182762b}" />
      </MissingDependency>
      <MissingDependency>
        <Required key="101" type="61" schemaName="new_MVS.Global" displayName="new_MVS.Global" solution="Active" />
        <Dependent key="1" type="60" parentDisplayName="תיק לקוח" id="{63061311-f106-4b8c-b337-b3b06c31042c}" />
      </MissingDependency>
      <MissingDependency>
        <Required key="101" type="61" schemaName="new_MVS.Global" displayName="new_MVS.Global" solution="Active" />
        <Dependent key="11" type="60" parentDisplayName="תיק לקוח" id="{53be287b-e84b-4e82-ae5c-0f976e73ccf8}" />
      </MissingDependency>
      <MissingDependency>
        <Required key="102" type="61" schemaName="new_MvsRemoteCommand" displayName="new_MvsRemoteCommand" solution="Active" />
        <Dependent key="1" type="60" parentDisplayName="תיק לקוח" id="{63061311-f106-4b8c-b337-b3b06c31042c}" />
      </MissingDependency>
      <MissingDependency>
        <Required key="102" type="61" schemaName="new_MvsRemoteCommand" displayName="new_MvsRemoteCommand" solution="Active" />
        <Dependent key="2" type="60" parentDisplayName="תיק לקוח" id="{b053a39a-041a-4356-acef-ddf00182762b}" />
      </MissingDependency>
      <MissingDependency>
        <Required key="102" type="61" schemaName="new_MvsRemoteCommand" displayName="new_MvsRemoteCommand" solution="Active" />
        <Dependent key="11" type="60" parentDisplayName="תיק לקוח" id="{53be287b-e84b-4e82-ae5c-0f976e73ccf8}" />
      </MissingDependency>
      <MissingDependency>
        <Required key="103" type="61" schemaName="new_jquery_1.6.2" displayName="new_jquery_1.6.2" solution="Active" />
        <Dependent key="11" type="60" parentDisplayName="תיק לקוח" id="{53be287b-e84b-4e82-ae5c-0f976e73ccf8}" />
      </MissingDependency>
      <MissingDependency>
        <Required key="103" type="61" schemaName="new_jquery_1.6.2" displayName="new_jquery_1.6.2" solution="Active" />
        <Dependent key="1" type="60" parentDisplayName="תיק לקוח" id="{63061311-f106-4b8c-b337-b3b06c31042c}" />
      </MissingDependency>
      <MissingDependency>
        <Required key="103" type="61" schemaName="new_jquery_1.6.2" displayName="new_jquery_1.6.2" solution="Active" />
        <Dependent key="2" type="60" parentDisplayName="תיק לקוח" id="{b053a39a-041a-4356-acef-ddf00182762b}" />
      </MissingDependency>
      <MissingDependency>
        <Required key="104" type="61" schemaName="new_SDK.REST" displayName="new_SDK.REST" solution="Active" />
        <Dependent key="1" type="60" parentDisplayName="תיק לקוח" id="{63061311-f106-4b8c-b337-b3b06c31042c}" />
      </MissingDependency>
      <MissingDependency>
        <Required key="105" type="61" schemaName="new_accountRibbonNew" displayName="new_accountRibbonNew" solution="Active" />
        <Dependent key="2" type="60" parentDisplayName="תיק לקוח" id="{b053a39a-041a-4356-acef-ddf00182762b}" />
      </MissingDependency>
      <MissingDependency>
        <Required key="106" type="61" schemaName="new_Correct16" displayName="new_Correct16" solution="Active" />
        <Dependent key="107" type="50" schemaName="account:RibbonDiffXml" />
      </MissingDependency>
      <MissingDependency>
        <Required key="106" type="61" schemaName="new_Correct16" displayName="new_Correct16" solution="Active" />
        <Dependent key="107" type="50" schemaName="account:RibbonDiffXml" />
      </MissingDependency>
      <MissingDependency>
        <Required key="108" type="61" schemaName="new_accountRibbon.js" displayName="new_accountRibbon.js" solution="Active" />
        <Dependent key="107" type="50" schemaName="account:RibbonDiffXml" />
      </MissingDependency>
      <MissingDependency>
        <Required key="108" type="61" schemaName="new_accountRibbon.js" displayName="new_accountRibbon.js" solution="Active" />
        <Dependent key="107" type="50" schemaName="account:RibbonDiffXml" />
      </MissingDependency>
      <MissingDependency>
        <Required key="108" type="61" schemaName="new_accountRibbon.js" displayName="new_accountRibbon.js" solution="Active" />
        <Dependent key="107" type="50" schemaName="account:RibbonDiffXml" />
      </MissingDependency>
      <MissingDependency>
        <Required key="108" type="61" schemaName="new_accountRibbon.js" displayName="new_accountRibbon.js" solution="Active" />
        <Dependent key="107" type="50" schemaName="account:RibbonDiffXml" />
      </MissingDependency>
      <MissingDependency>
        <Required key="108" type="61" schemaName="new_accountRibbon.js" displayName="new_accountRibbon.js" solution="Active" />
        <Dependent key="11" type="60" parentDisplayName="תיק לקוח" id="{53be287b-e84b-4e82-ae5c-0f976e73ccf8}" />
      </MissingDependency>
      <MissingDependency>
        <Required key="108" type="61" schemaName="new_accountRibbon.js" displayName="new_accountRibbon.js" solution="Active" />
        <Dependent key="107" type="50" schemaName="account:RibbonDiffXml" />
      </MissingDependency>
      <MissingDependency>
        <Required key="108" type="61" schemaName="new_accountRibbon.js" displayName="new_accountRibbon.js" solution="Active" />
        <Dependent key="107" type="50" schemaName="account:RibbonDiffXml" />
      </MissingDependency>
      <MissingDependency>
        <Required key="108" type="61" schemaName="new_accountRibbon.js" displayName="new_accountRibbon.js" solution="Active" />
        <Dependent key="107" type="50" schemaName="account:RibbonDiffXml" />
      </MissingDependency>
      <MissingDependency>
        <Required key="108" type="61" schemaName="new_accountRibbon.js" displayName="new_accountRibbon.js" solution="Active" />
        <Dependent key="107" type="50" schemaName="account:RibbonDiffXml" />
      </MissingDependency>
      <MissingDependency>
        <Required key="108" type="61" schemaName="new_accountRibbon.js" displayName="new_accountRibbon.js" solution="Active" />
        <Dependent key="1" type="60" parentDisplayName="תיק לקוח" id="{63061311-f106-4b8c-b337-b3b06c31042c}" />
      </MissingDependency>
      <MissingDependency>
        <Required key="108" type="61" schemaName="new_accountRibbon.js" displayName="new_accountRibbon.js" solution="Active" />
        <Dependent key="107" type="50" schemaName="account:RibbonDiffXml" />
      </MissingDependency>
      <MissingDependency>
        <Required key="108" type="61" schemaName="new_accountRibbon.js" displayName="new_accountRibbon.js" solution="Active" />
        <Dependent key="107" type="50" schemaName="account:RibbonDiffXml" />
      </MissingDependency>
      <MissingDependency>
        <Required key="108" type="61" schemaName="new_accountRibbon.js" displayName="new_accountRibbon.js" solution="Active" />
        <Dependent key="107" type="50" schemaName="account:RibbonDiffXml" />
      </MissingDependency>
      <MissingDependency>
        <Required key="108" type="61" schemaName="new_accountRibbon.js" displayName="new_accountRibbon.js" solution="Active" />
        <Dependent key="107" type="50" schemaName="account:RibbonDiffXml" />
      </MissingDependency>
      <MissingDependency>
        <Required key="109" type="61" schemaName="new_SendPassword32" displayName="new_SendPassword32" solution="Active" />
        <Dependent key="107" type="50" schemaName="account:RibbonDiffXml" />
      </MissingDependency>
      <MissingDependency>
        <Required key="110" type="61" schemaName="new_XrmServiceToolKit" displayName="new_XrmServiceToolKit" solution="Active" />
        <Dependent key="2" type="60" parentDisplayName="תיק לקוח" id="{b053a39a-041a-4356-acef-ddf00182762b}" />
      </MissingDependency>
      <MissingDependency>
        <Required key="110" type="61" schemaName="new_XrmServiceToolKit" displayName="new_XrmServiceToolKit" solution="Active" />
        <Dependent key="97" type="60" parentDisplayName="GuardianTest" id="{451b7f12-7f6b-4548-91cf-6c6b7a5554cc}" />
      </MissingDependency>
      <MissingDependency>
        <Required key="111" type="61" schemaName="new_SendPassword16" displayName="new_SendPassword16" solution="Active" />
        <Dependent key="107" type="50" schemaName="account:RibbonDiffXml" />
      </MissingDependency>
      <MissingDependency>
        <Required key="112" type="61" schemaName="new_json2" displayName="new_json2" solution="Active" />
        <Dependent key="97" type="60" parentDisplayName="GuardianTest" id="{451b7f12-7f6b-4548-91cf-6c6b7a5554cc}" />
      </MissingDependency>
      <MissingDependency>
        <Required key="112" type="61" schemaName="new_json2" displayName="new_json2" solution="Active" />
        <Dependent key="2" type="60" parentDisplayName="תיק לקוח" id="{b053a39a-041a-4356-acef-ddf00182762b}" />
      </MissingDependency>
      <MissingDependency>
        <Required key="113" type="61" schemaName="new_MVS.AccountNew" displayName="new_MVS.AccountNew" solution="Active" />
        <Dependent key="2" type="60" parentDisplayName="תיק לקוח" id="{b053a39a-041a-4356-acef-ddf00182762b}" />
      </MissingDependency>
      <MissingDependency>
        <Required key="114" type="61" schemaName="new_CIC16" displayName="new_CIC16" solution="Active" />
        <Dependent key="107" type="50" schemaName="account:RibbonDiffXml" />
      </MissingDependency>
      <MissingDependency>
        <Required key="115" type="61" schemaName="new_Incorrect16" displayName="new_Incorrect16" solution="Active" />
        <Dependent key="107" type="50" schemaName="account:RibbonDiffXml" />
      </MissingDependency>
      <MissingDependency>
        <Required key="115" type="61" schemaName="new_Incorrect16" displayName="new_Incorrect16" solution="Active" />
        <Dependent key="107" type="50" schemaName="account:RibbonDiffXml" />
      </MissingDependency>
      <MissingDependency>
        <Required key="116" type="61" schemaName="new_MVS.CrmSrvNew" displayName="new_MVS.CrmSrvNew" solution="Active" />
        <Dependent key="97" type="60" parentDisplayName="GuardianTest" id="{451b7f12-7f6b-4548-91cf-6c6b7a5554cc}" />
      </MissingDependency>
      <MissingDependency>
        <Required key="117" type="61" schemaName="new_MVS.Account" displayName="new_MVS.Account" solution="Active" />
        <Dependent key="1" type="60" parentDisplayName="תיק לקוח" id="{63061311-f106-4b8c-b337-b3b06c31042c}" />
      </MissingDependency>
      <MissingDependency>
        <Required key="118" type="61" schemaName="new_CIC32" displayName="new_CIC32" solution="Active" />
        <Dependent key="107" type="50" schemaName="account:RibbonDiffXml" />
      </MissingDependency>
      <MissingDependency>
        <Required key="119" type="61" schemaName="new_MVS.CrmLibNew" displayName="new_MVS.CrmLibNew" solution="Active" />
        <Dependent key="97" type="60" parentDisplayName="GuardianTest" id="{451b7f12-7f6b-4548-91cf-6c6b7a5554cc}" />
      </MissingDependency>
      <MissingDependency>
        <Required key="119" type="61" schemaName="new_MVS.CrmLibNew" displayName="new_MVS.CrmLibNew" solution="Active" />
        <Dependent key="2" type="60" parentDisplayName="תיק לקוח" id="{b053a39a-041a-4356-acef-ddf00182762b}" />
      </MissingDependency>
      <MissingDependency>
        <Required key="120" type="61" schemaName="new_MVS.AccountHealth" displayName="new_MVS.AccountHealth" solution="Active" />
        <Dependent key="11" type="60" parentDisplayName="תיק לקוח" id="{53be287b-e84b-4e82-ae5c-0f976e73ccf8}" />
      </MissingDependency>
      <MissingDependency>
        <Required key="121" type="61" schemaName="new_MVS.CrmSrv" displayName="new_MVS.CrmSrv" solution="Active" />
        <Dependent key="1" type="60" parentDisplayName="תיק לקוח" id="{63061311-f106-4b8c-b337-b3b06c31042c}" />
      </MissingDependency>
      <MissingDependency>
        <Required key="121" type="61" schemaName="new_MVS.CrmSrv" displayName="new_MVS.CrmSrv" solution="Active" />
        <Dependent key="11" type="60" parentDisplayName="תיק לקוח" id="{53be287b-e84b-4e82-ae5c-0f976e73ccf8}" />
      </MissingDependency>
      <MissingDependency>
        <Required key="122" type="61" schemaName="new_MVS.SecurityRelated" displayName="new_MVS.SecurityRelated" solution="Active" />
        <Dependent key="2" type="60" parentDisplayName="תיק לקוח" id="{b053a39a-041a-4356-acef-ddf00182762b}" />
      </MissingDependency>
      <MissingDependency>
        <Required key="122" type="61" schemaName="new_MVS.SecurityRelated" displayName="new_MVS.SecurityRelated" solution="Active" />
        <Dependent key="1" type="60" parentDisplayName="תיק לקוח" id="{63061311-f106-4b8c-b337-b3b06c31042c}" />
      </MissingDependency>
      <MissingDependency>
        <Required key="123" type="61" schemaName="new_QuestionsRed32" displayName="new_QuestionsRed32" solution="Active" />
        <Dependent key="107" type="50" schemaName="account:RibbonDiffXml" />
      </MissingDependency>
      <MissingDependency>
        <Required key="124" type="61" schemaName="new_QuestionsBlue32" displayName="new_QuestionsBlue32" solution="Active" />
        <Dependent key="107" type="50" schemaName="account:RibbonDiffXml" />
      </MissingDependency>
    </MissingDependencies>
  </SolutionManifest>
</ImportExportXml>