<ImportExportXml xmlns:xsi="http://www.w3.org/2001/XMLSchema-instance">
  <Entities></Entities>
  <Roles></Roles>
  <Workflows></Workflows>
  <FieldSecurityProfiles></FieldSecurityProfiles>
  <Templates />
  <EntityMaps />
  <EntityRelationships />
  <OrganizationSettings />
  <optionsets />
  <WebResources>
    <WebResource>
      <WebResourceId>{b369595a-87f0-e311-ba14-00505684022f}</WebResourceId>
      <Name>new_jquery_1.11.1</Name>
      <DisplayName>jquery_1.11.1</DisplayName>
      <WebResourceType>3</WebResourceType>
      <IsCustomizable>1</IsCustomizable>
      <CanBeDeleted>1</CanBeDeleted>
      <IsHidden>0</IsHidden>
      <FileName>/WebResources/new_jquery_1111B369595A-87F0-E311-BA14-00505684022F</FileName>
    </WebResource>
    <WebResource>
      <WebResourceId>{fb24f448-c0a6-e411-b0e8-005056841be1}</WebResourceId>
      <Name>new_ui_icons_222222_256x240.png</Name>
      <DisplayName>ui_icons_222222_256x240.png</DisplayName>
      <LanguageCode>1037</LanguageCode>
      <WebResourceType>5</WebResourceType>
      <IsCustomizable>1</IsCustomizable>
      <CanBeDeleted>1</CanBeDeleted>
      <IsHidden>0</IsHidden>
      <FileName>/WebResources/new_ui_icons_222222_256x240pngFB24F448-C0A6-E411-B0E8-005056841BE1</FileName>
    </WebResource>
    <WebResource>
      <WebResourceId>{29f14474-c0a6-e411-b0e8-005056841be1}</WebResourceId>
      <Name>new_plstyle.css</Name>
      <DisplayName>plstyle.css</DisplayName>
      <LanguageCode>1037</LanguageCode>
      <WebResourceType>2</WebResourceType>
      <IsCustomizable>1</IsCustomizable>
      <CanBeDeleted>1</CanBeDeleted>
      <IsHidden>0</IsHidden>
      <FileName>/WebResources/new_plstylecss29F14474-C0A6-E411-B0E8-005056841BE1</FileName>
    </WebResource>
    <WebResource>
      <WebResourceId>{afea253e-eaa6-e411-b0e8-005056841be1}</WebResourceId>
      <Name>new_btn_off_lookup.png</Name>
      <DisplayName>btn_off_lookup</DisplayName>
      <WebResourceType>5</WebResourceType>
      <IsCustomizable>1</IsCustomizable>
      <CanBeDeleted>1</CanBeDeleted>
      <IsHidden>0</IsHidden>
      <FileName>/WebResources/new_btn_off_lookuppngAFEA253E-EAA6-E411-B0E8-005056841BE1</FileName>
    </WebResource>
    <WebResource>
      <WebResourceId>{9e0e33ff-fda6-e411-b0e8-005056841be1}</WebResourceId>
      <Name>new_ButtonNormalGradient.png</Name>
      <DisplayName>ButtonNormalGradient.png</DisplayName>
      <WebResourceType>5</WebResourceType>
      <IsCustomizable>1</IsCustomizable>
      <CanBeDeleted>1</CanBeDeleted>
      <IsHidden>0</IsHidden>
      <FileName>/WebResources/new_ButtonNormalGradientpng9E0E33FF-FDA6-E411-B0E8-005056841BE1</FileName>
    </WebResource>
    <WebResource>
      <WebResourceId>{7f6f031c-fea6-e411-b0e8-005056841be1}</WebResourceId>
      <Name>new_ButtonSelectedGradient.png</Name>
      <DisplayName>ButtonSelectedGradient.png</DisplayName>
      <WebResourceType>5</WebResourceType>
      <IsCustomizable>1</IsCustomizable>
      <CanBeDeleted>1</CanBeDeleted>
      <IsHidden>0</IsHidden>
      <FileName>/WebResources/new_ButtonSelectedGradientpng7F6F031C-FEA6-E411-B0E8-005056841BE1</FileName>
    </WebResource>
    <WebResource>
      <WebResourceId>{9d45b32a-fea6-e411-b0e8-005056841be1}</WebResourceId>
      <Name>new_form_toolbar_back.png</Name>
      <DisplayName>form_toolbar_back.png</DisplayName>
      <WebResourceType>5</WebResourceType>
      <IsCustomizable>1</IsCustomizable>
      <CanBeDeleted>1</CanBeDeleted>
      <IsHidden>0</IsHidden>
      <FileName>/WebResources/new_form_toolbar_backpng9D45B32A-FEA6-E411-B0E8-005056841BE1</FileName>
    </WebResource>
    <WebResource>
      <WebResourceId>{2231073f-fea6-e411-b0e8-005056841be1}</WebResourceId>
      <Name>new_FormHeaderGradientTop.png</Name>
      <DisplayName>FormHeaderGradientTop.png</DisplayName>
      <WebResourceType>5</WebResourceType>
      <IsCustomizable>1</IsCustomizable>
      <CanBeDeleted>1</CanBeDeleted>
      <IsHidden>0</IsHidden>
      <FileName>/WebResources/new_FormHeaderGradientToppng2231073F-FEA6-E411-B0E8-005056841BE1</FileName>
    </WebResource>
    <WebResource>
      <WebResourceId>{ed38a04c-fea6-e411-b0e8-005056841be1}</WebResourceId>
      <Name>new_GridColumnGradient.png</Name>
      <DisplayName>GridColumnGradient.png</DisplayName>
      <WebResourceType>5</WebResourceType>
      <IsCustomizable>1</IsCustomizable>
      <CanBeDeleted>1</CanBeDeleted>
      <IsHidden>0</IsHidden>
      <FileName>/WebResources/new_GridColumnGradientpngED38A04C-FEA6-E411-B0E8-005056841BE1</FileName>
    </WebResource>
    <WebResource>
      <WebResourceId>{bec33966-fea6-e411-b0e8-005056841be1}</WebResourceId>
      <Name>new_GridColumnGradientHover.png</Name>
      <DisplayName>GridColumnGradientHover.png</DisplayName>
      <WebResourceType>5</WebResourceType>
      <IsCustomizable>1</IsCustomizable>
      <CanBeDeleted>1</CanBeDeleted>
      <IsHidden>0</IsHidden>
      <FileName>/WebResources/new_GridColumnGradientHoverpngBEC33966-FEA6-E411-B0E8-005056841BE1</FileName>
    </WebResource>
    <WebResource>
      <WebResourceId>{ee870e75-fea6-e411-b0e8-005056841be1}</WebResourceId>
      <Name>new_GridTitleBarHorzLine.png</Name>
      <DisplayName>GridTitleBarHorzLine.png</DisplayName>
      <WebResourceType>5</WebResourceType>
      <IsCustomizable>1</IsCustomizable>
      <CanBeDeleted>1</CanBeDeleted>
      <IsHidden>0</IsHidden>
      <FileName>/WebResources/new_GridTitleBarHorzLinepngEE870E75-FEA6-E411-B0E8-005056841BE1</FileName>
    </WebResource>
    <WebResource>
      <WebResourceId>{baee7586-fea6-e411-b0e8-005056841be1}</WebResourceId>
      <Name>new_GridToolbarBkgd.png</Name>
      <DisplayName>GridToolbarBkgd.png</DisplayName>
      <WebResourceType>5</WebResourceType>
      <IsCustomizable>1</IsCustomizable>
      <CanBeDeleted>1</CanBeDeleted>
      <IsHidden>0</IsHidden>
      <FileName>/WebResources/new_GridToolbarBkgdpngBAEE7586-FEA6-E411-B0E8-005056841BE1</FileName>
    </WebResource>
    <WebResource>
      <WebResourceId>{c0c58395-fea6-e411-b0e8-005056841be1}</WebResourceId>
      <Name>new_RightClickMenuChannel.png</Name>
      <DisplayName>RightClickMenuChannel.png</DisplayName>
      <WebResourceType>5</WebResourceType>
      <IsCustomizable>1</IsCustomizable>
      <CanBeDeleted>1</CanBeDeleted>
      <IsHidden>0</IsHidden>
      <FileName>/WebResources/new_RightClickMenuChannelpngC0C58395-FEA6-E411-B0E8-005056841BE1</FileName>
    </WebResource>
    <WebResource>
      <WebResourceId>{70672fa5-fea6-e411-b0e8-005056841be1}</WebResourceId>
      <Name>new_statusbar.gif</Name>
      <DisplayName>statusbar.gif</DisplayName>
      <WebResourceType>7</WebResourceType>
      <IsCustomizable>1</IsCustomizable>
      <CanBeDeleted>1</CanBeDeleted>
      <IsHidden>0</IsHidden>
      <FileName>/WebResources/new_statusbargif70672FA5-FEA6-E411-B0E8-005056841BE1</FileName>
    </WebResource>
    <WebResource>
      <WebResourceId>{d6d324b4-fea6-e411-b0e8-005056841be1}</WebResourceId>
      <Name>new_transparent_spacer.gif</Name>
      <DisplayName>transparent_spacer.gif</DisplayName>
      <WebResourceType>7</WebResourceType>
      <IsCustomizable>1</IsCustomizable>
      <CanBeDeleted>1</CanBeDeleted>
      <IsHidden>0</IsHidden>
      <FileName>/WebResources/new_transparent_spacergifD6D324B4-FEA6-E411-B0E8-005056841BE1</FileName>
    </WebResource>
    <WebResource>
      <WebResourceId>{61bcacce-fea6-e411-b0e8-005056841be1}</WebResourceId>
      <Name>new_icolu.gif</Name>
      <DisplayName>icolu.gif</DisplayName>
      <WebResourceType>7</WebResourceType>
      <IsCustomizable>1</IsCustomizable>
      <CanBeDeleted>1</CanBeDeleted>
      <IsHidden>0</IsHidden>
      <FileName>/WebResources/new_icolugif61BCACCE-FEA6-E411-B0E8-005056841BE1</FileName>
    </WebResource>
    <WebResource>
      <WebResourceId>{6d1cffdb-fea6-e411-b0e8-005056841be1}</WebResourceId>
      <Name>new_mvslookup.css</Name>
      <DisplayName>mvslookup.css</DisplayName>
      <WebResourceType>2</WebResourceType>
      <IsCustomizable>1</IsCustomizable>
      <CanBeDeleted>1</CanBeDeleted>
      <IsHidden>0</IsHidden>
      <FileName>/WebResources/new_mvslookupcss6D1CFFDB-FEA6-E411-B0E8-005056841BE1</FileName>
    </WebResource>
    <WebResource>
      <WebResourceId>{d0bd4cd8-93a7-e411-b0e8-005056841be1}</WebResourceId>
      <Name>new_lu</Name>
      <DisplayName>lu</DisplayName>
      <WebResourceType>1</WebResourceType>
      <IsCustomizable>1</IsCustomizable>
      <CanBeDeleted>1</CanBeDeleted>
      <IsHidden>0</IsHidden>
      <FileName>/WebResources/new_luD0BD4CD8-93A7-E411-B0E8-005056841BE1</FileName>
    </WebResource>
    <WebResource>
      <WebResourceId>{3a5c37f0-93a7-e411-b0e8-005056841be1}</WebResourceId>
      <Name>new_control_imgs.png</Name>
      <DisplayName>control_imgs.png</DisplayName>
      <WebResourceType>5</WebResourceType>
      <IsCustomizable>1</IsCustomizable>
      <CanBeDeleted>1</CanBeDeleted>
      <IsHidden>0</IsHidden>
      <FileName>/WebResources/new_control_imgspng3A5C37F0-93A7-E411-B0E8-005056841BE1</FileName>
    </WebResource>
    <WebResource>
      <WebResourceId>{67453b00-94a7-e411-b0e8-005056841be1}</WebResourceId>
      <Name>new_transparent_spacer2.gif</Name>
      <DisplayName>transparent_spacer2.gif</DisplayName>
      <WebResourceType>7</WebResourceType>
      <IsCustomizable>1</IsCustomizable>
      <CanBeDeleted>1</CanBeDeleted>
      <IsHidden>0</IsHidden>
      <FileName>/WebResources/new_transparent_spacer2gif67453B00-94A7-E411-B0E8-005056841BE1</FileName>
    </WebResource>
    <WebResource>
      <WebResourceId>{32ac5f0d-94a7-e411-b0e8-005056841be1}</WebResourceId>
      <Name>new_entity_imgs.png</Name>
      <DisplayName>entity_imgs.png</DisplayName>
      <WebResourceType>5</WebResourceType>
      <IsCustomizable>1</IsCustomizable>
      <CanBeDeleted>1</CanBeDeleted>
      <IsHidden>0</IsHidden>
      <FileName>/WebResources/new_entity_imgspng32AC5F0D-94A7-E411-B0E8-005056841BE1</FileName>
    </WebResource>
    <WebResource>
      <WebResourceId>{062f5644-9eb6-e411-b9e4-005056841be1}</WebResourceId>
      <Name>new_lubutton.css</Name>
      <DisplayName>lubutton.css</DisplayName>
      <WebResourceType>2</WebResourceType>
      <IsCustomizable>1</IsCustomizable>
      <CanBeDeleted>1</CanBeDeleted>
      <IsHidden>0</IsHidden>
      <FileName>/WebResources/new_lubuttoncss062F5644-9EB6-E411-B9E4-005056841BE1</FileName>
    </WebResource>
    <WebResource>
      <WebResourceId>{8284c6bf-9eb6-e411-b9e4-005056841be1}</WebResourceId>
      <Name>new_dialoguipl.htm</Name>
      <DisplayName>dialoguipl.htm</DisplayName>
      <WebResourceType>1</WebResourceType>
      <IsCustomizable>1</IsCustomizable>
      <CanBeDeleted>1</CanBeDeleted>
      <IsHidden>0</IsHidden>
      <FileName>/WebResources/new_dialoguiplhtm8284C6BF-9EB6-E411-B9E4-005056841BE1</FileName>
    </WebResource>
    <WebResource>
      <WebResourceId>{5871e983-9fb6-e411-b9e4-005056841be1}</WebResourceId>
      <Name>new_lookupjs.js</Name>
      <DisplayName>lookupjs.js</DisplayName>
      <WebResourceType>3</WebResourceType>
      <IsCustomizable>1</IsCustomizable>
      <CanBeDeleted>1</CanBeDeleted>
      <IsHidden>0</IsHidden>
      <FileName>/WebResources/new_lookupjsjs5871E983-9FB6-E411-B9E4-005056841BE1</FileName>
    </WebResource>
    <WebResource>
      <WebResourceId>{cc480505-a0b6-e411-b9e4-005056841be1}</WebResourceId>
      <Name>new_dialoglookup.js</Name>
      <DisplayName>dialoglookup.js</DisplayName>
      <WebResourceType>3</WebResourceType>
      <IsCustomizable>1</IsCustomizable>
      <CanBeDeleted>1</CanBeDeleted>
      <IsHidden>0</IsHidden>
      <FileName>/WebResources/new_dialoglookupjsCC480505-A0B6-E411-B9E4-005056841BE1</FileName>
    </WebResource>
    <WebResource>
      <WebResourceId>{2cdcf51f-b3b6-e411-b9e4-005056841be1}</WebResourceId>
      <Name>new_knockout_3.0.0.js</Name>
      <DisplayName>knockout_3.0.0.js</DisplayName>
      <WebResourceType>3</WebResourceType>
      <IsCustomizable>1</IsCustomizable>
      <CanBeDeleted>1</CanBeDeleted>
      <IsHidden>0</IsHidden>
      <FileName>/WebResources/new_knockout_300js2CDCF51F-B3B6-E411-B9E4-005056841BE1</FileName>
    </WebResource>
    <WebResource>
      <WebResourceId>{c1ee4838-88b7-e411-b9e4-005056841be1}</WebResourceId>
      <Name>new_configlu</Name>
      <DisplayName>configlu</DisplayName>
      <WebResourceType>4</WebResourceType>
      <IsCustomizable>1</IsCustomizable>
      <CanBeDeleted>1</CanBeDeleted>
      <IsHidden>0</IsHidden>
      <FileName>/WebResources/new_configluC1EE4838-88B7-E411-B9E4-005056841BE1</FileName>
    </WebResource>
    <WebResource>
      <WebResourceId>{6ac3cda1-88b7-e411-b9e4-005056841be1}</WebResourceId>
      <Name>new_setXrmParent.js</Name>
      <DisplayName>setXrmParent.js</DisplayName>
      <WebResourceType>3</WebResourceType>
      <IsCustomizable>1</IsCustomizable>
      <CanBeDeleted>1</CanBeDeleted>
      <IsHidden>0</IsHidden>
      <FileName>/WebResources/new_setXrmParentjs6AC3CDA1-88B7-E411-B9E4-005056841BE1</FileName>
    </WebResource>
    <WebResource>
      <WebResourceId>{b90e9a20-d6bc-e411-b9e4-005056841be1}</WebResourceId>
      <Name>new_luparams.js</Name>
      <DisplayName>luparams.js</DisplayName>
      <WebResourceType>3</WebResourceType>
      <IsCustomizable>1</IsCustomizable>
      <CanBeDeleted>1</CanBeDeleted>
      <IsHidden>0</IsHidden>
      <FileName>/WebResources/new_luparamsjsB90E9A20-D6BC-E411-B9E4-005056841BE1</FileName>
    </WebResource>
    <WebResource>
      <WebResourceId>{5d344fbe-0e3f-e411-ac1b-005056845e1b}</WebResourceId>
      <Name>new_json2</Name>
      <DisplayName>json2</DisplayName>
      <LanguageCode>1037</LanguageCode>
      <WebResourceType>3</WebResourceType>
      <IsCustomizable>1</IsCustomizable>
      <CanBeDeleted>1</CanBeDeleted>
      <IsHidden>0</IsHidden>
      <FileName>/WebResources/new_json25D344FBE-0E3F-E411-AC1B-005056845E1B</FileName>
    </WebResource>
  </WebResources>
  <Languages>
    <Language>1037</Language>
  </Languages>
</ImportExportXml>