<ImportExportXml xmlns:xsi="http://www.w3.org/2001/XMLSchema-instance">
  <Entities></Entities>
  <Roles></Roles>
  <Workflows></Workflows>
  <FieldSecurityProfiles></FieldSecurityProfiles>
  <Templates />
  <EntityMaps />
  <EntityRelationships />
  <OrganizationSettings />
  <optionsets />
  <WebResources>
    <WebResource>
      <WebResourceId>{3ac7bccd-60fd-e411-9420-00155d043341}</WebResourceId>
      <Name>new_scripts/new_kglobal.js</Name>
      <DisplayName>scripts/new_kglobal.js</DisplayName>
      <WebResourceType>3</WebResourceType>
      <IsCustomizable>1</IsCustomizable>
      <CanBeDeleted>1</CanBeDeleted>
      <IsHidden>0</IsHidden>
      <FileName>/WebResources/new_scriptsnew_kglobaljs3AC7BCCD-60FD-E411-9420-00155D043341</FileName>
    </WebResource>
    <WebResource>
      <WebResourceId>{332e1856-61fd-e411-9420-00155d043341}</WebResourceId>
      <Name>new_scripts/new_jquery_1_8_2.js</Name>
      <WebResourceType>3</WebResourceType>
      <IsCustomizable>1</IsCustomizable>
      <CanBeDeleted>1</CanBeDeleted>
      <IsHidden>0</IsHidden>
      <FileName>/WebResources/new_scriptsnew_jquery_1_8_2js332E1856-61FD-E411-9420-00155D043341</FileName>
    </WebResource>
    <WebResource>
      <WebResourceId>{89d49e91-61fd-e411-9420-00155d043341}</WebResourceId>
      <Name>new_scripts/new_knockout_2_2_0rc.js</Name>
      <DisplayName>scripts/new_knockout_2_2_0rc.js</DisplayName>
      <WebResourceType>3</WebResourceType>
      <IsCustomizable>1</IsCustomizable>
      <CanBeDeleted>1</CanBeDeleted>
      <IsHidden>0</IsHidden>
      <FileName>/WebResources/new_scriptsnew_knockout_2_2_0rcjs89D49E91-61FD-E411-9420-00155D043341</FileName>
    </WebResource>
    <WebResource>
      <WebResourceId>{fbae9cbb-61fd-e411-9420-00155d043341}</WebResourceId>
      <Name>new_scripts/new_subgrid.js</Name>
      <DisplayName>scripts/new_subgrid.js</DisplayName>
      <WebResourceType>3</WebResourceType>
      <IsCustomizable>1</IsCustomizable>
      <CanBeDeleted>1</CanBeDeleted>
      <IsHidden>0</IsHidden>
      <FileName>/WebResources/new_scriptsnew_subgridjsFBAE9CBB-61FD-E411-9420-00155D043341</FileName>
    </WebResource>
    <WebResource>
      <WebResourceId>{d9e973e1-61fd-e411-9420-00155d043341}</WebResourceId>
      <Name>new_scripts/new_rowclick.js</Name>
      <DisplayName>scripts/new_rowclick.js</DisplayName>
      <WebResourceType>3</WebResourceType>
      <IsCustomizable>1</IsCustomizable>
      <CanBeDeleted>1</CanBeDeleted>
      <IsHidden>0</IsHidden>
      <FileName>/WebResources/new_scriptsnew_rowclickjsD9E973E1-61FD-E411-9420-00155D043341</FileName>
    </WebResource>
    <WebResource>
      <WebResourceId>{7766bb01-62fd-e411-9420-00155d043341}</WebResourceId>
      <Name>new_scripts/new_AppViewModel.js</Name>
      <DisplayName>scripts/new_AppViewModel.js</DisplayName>
      <WebResourceType>3</WebResourceType>
      <IsCustomizable>1</IsCustomizable>
      <CanBeDeleted>1</CanBeDeleted>
      <IsHidden>0</IsHidden>
      <FileName>/WebResources/new_scriptsnew_AppViewModeljs7766BB01-62FD-E411-9420-00155D043341</FileName>
    </WebResource>
    <WebResource>
      <WebResourceId>{63a764a8-62fd-e411-9420-00155d043341}</WebResourceId>
      <Name>new_scripts/new_democonfig.js</Name>
      <DisplayName>scripts/new_democonfig.js</DisplayName>
      <WebResourceType>3</WebResourceType>
      <IsCustomizable>1</IsCustomizable>
      <CanBeDeleted>1</CanBeDeleted>
      <IsHidden>0</IsHidden>
      <FileName>/WebResources/new_scriptsnew_democonfigjs63A764A8-62FD-E411-9420-00155D043341</FileName>
    </WebResource>
    <WebResource>
      <WebResourceId>{835f0ddc-62fd-e411-9420-00155d043341}</WebResourceId>
      <Name>new_scripts/new_Schema.js</Name>
      <DisplayName>scripts/new_Schema.js</DisplayName>
      <WebResourceType>3</WebResourceType>
      <IsCustomizable>1</IsCustomizable>
      <CanBeDeleted>1</CanBeDeleted>
      <IsHidden>0</IsHidden>
      <FileName>/WebResources/new_scriptsnew_Schemajs835F0DDC-62FD-E411-9420-00155D043341</FileName>
    </WebResource>
    <WebResource>
      <WebResourceId>{6de8f701-65fd-e411-9420-00155d043341}</WebResourceId>
      <Name>new_scripts/new_mockdata.js</Name>
      <DisplayName>scripts/new_mockdata.js</DisplayName>
      <WebResourceType>3</WebResourceType>
      <IsCustomizable>1</IsCustomizable>
      <CanBeDeleted>1</CanBeDeleted>
      <IsHidden>0</IsHidden>
      <FileName>/WebResources/new_scriptsnew_mockdatajs6DE8F701-65FD-E411-9420-00155D043341</FileName>
    </WebResource>
    <WebResource>
      <WebResourceId>{21721038-65fd-e411-9420-00155d043341}</WebResourceId>
      <Name>new_scripts/new_clientSender.js</Name>
      <DisplayName>scripts/new_clientSender.js</DisplayName>
      <WebResourceType>3</WebResourceType>
      <IsCustomizable>1</IsCustomizable>
      <CanBeDeleted>1</CanBeDeleted>
      <IsHidden>0</IsHidden>
      <FileName>/WebResources/new_scriptsnew_clientSenderjs21721038-65FD-E411-9420-00155D043341</FileName>
    </WebResource>
    <WebResource>
      <WebResourceId>{756ca28a-65fd-e411-9420-00155d043341}</WebResourceId>
      <Name>new_stylecrmgrid/new_menucore.css</Name>
      <DisplayName>stylecrmgrid/new_menucore.css</DisplayName>
      <WebResourceType>2</WebResourceType>
      <IsCustomizable>1</IsCustomizable>
      <CanBeDeleted>1</CanBeDeleted>
      <IsHidden>0</IsHidden>
      <FileName>/WebResources/new_stylecrmgridnew_menucorecss756CA28A-65FD-E411-9420-00155D043341</FileName>
    </WebResource>
    <WebResource>
      <WebResourceId>{8a2de2a7-65fd-e411-9420-00155d043341}</WebResourceId>
      <Name>new_stylecrmgrid/new_fonts.css</Name>
      <DisplayName>stylecrmgrid/new_fonts.css</DisplayName>
      <WebResourceType>2</WebResourceType>
      <IsCustomizable>1</IsCustomizable>
      <CanBeDeleted>1</CanBeDeleted>
      <IsHidden>0</IsHidden>
      <FileName>/WebResources/new_stylecrmgridnew_fontscss8A2DE2A7-65FD-E411-9420-00155D043341</FileName>
    </WebResource>
    <WebResource>
      <WebResourceId>{f40863d1-65fd-e411-9420-00155d043341}</WebResourceId>
      <Name>new_stylecrmgrid/new_global.css</Name>
      <DisplayName>stylecrmgrid/new_global.css</DisplayName>
      <WebResourceType>2</WebResourceType>
      <IsCustomizable>1</IsCustomizable>
      <CanBeDeleted>1</CanBeDeleted>
      <IsHidden>0</IsHidden>
      <FileName>/WebResources/new_stylecrmgridnew_globalcssF40863D1-65FD-E411-9420-00155D043341</FileName>
    </WebResource>
    <WebResource>
      <WebResourceId>{63efa1c1-70fd-e411-9420-00155d043341}</WebResourceId>
      <Name>new_stylecrmgrid/new_gridimgs/new_progress2013.gif</Name>
      <DisplayName>stylecrmgrid/new_gridimgs/new_progress2013.gif</DisplayName>
      <WebResourceType>7</WebResourceType>
      <IsCustomizable>1</IsCustomizable>
      <CanBeDeleted>1</CanBeDeleted>
      <IsHidden>0</IsHidden>
      <FileName>/WebResources/new_stylecrmgridnew_gridimgsnew_progress2013gif63EFA1C1-70FD-E411-9420-00155D043341</FileName>
    </WebResource>
    <WebResource>
      <WebResourceId>{06db3a8c-73fd-e411-9420-00155d043341}</WebResourceId>
      <Name>new_stylecrmgrid/new_gridimgs/new_16_L_check.gif</Name>
      <DisplayName>stylecrmgrid/new_gridimgs/new_16_L_check.gif</DisplayName>
      <WebResourceType>7</WebResourceType>
      <IsCustomizable>1</IsCustomizable>
      <CanBeDeleted>1</CanBeDeleted>
      <IsHidden>0</IsHidden>
      <FileName>/WebResources/new_stylecrmgridnew_gridimgsnew_16_L_checkgif06DB3A8C-73FD-E411-9420-00155D043341</FileName>
    </WebResource>
    <WebResource>
      <WebResourceId>{4d7d33a5-73fd-e411-9420-00155d043341}</WebResourceId>
      <Name>new_stylecrmgrid/new_gridimgs/new_activitieswall_images.png</Name>
      <DisplayName>stylecrmgrid/new_gridimgs/new_activitieswall_images.png</DisplayName>
      <WebResourceType>5</WebResourceType>
      <IsCustomizable>1</IsCustomizable>
      <CanBeDeleted>1</CanBeDeleted>
      <IsHidden>0</IsHidden>
      <FileName>/WebResources/new_stylecrmgridnew_gridimgsnew_activitieswall_ima4D7D33A5-73FD-E411-9420-00155D043341</FileName>
    </WebResource>
    <WebResource>
      <WebResourceId>{b040c8b9-73fd-e411-9420-00155d043341}</WebResourceId>
      <Name>new_stylecrmgrid/new_gridimgs/new_app_back.png</Name>
      <DisplayName>stylecrmgrid/new_gridimgs/new_app_back.png</DisplayName>
      <WebResourceType>5</WebResourceType>
      <IsCustomizable>1</IsCustomizable>
      <CanBeDeleted>1</CanBeDeleted>
      <IsHidden>0</IsHidden>
      <FileName>/WebResources/new_stylecrmgridnew_gridimgsnew_app_backpngB040C8B9-73FD-E411-9420-00155D043341</FileName>
    </WebResource>
    <WebResource>
      <WebResourceId>{cd5c2cca-73fd-e411-9420-00155d043341}</WebResourceId>
      <Name>new_stylecrmgrid/new_gridimgs/new_appmenu_back.gif</Name>
      <DisplayName>stylecrmgrid/new_gridimgs/new_appmenu_back.gif</DisplayName>
      <WebResourceType>7</WebResourceType>
      <IsCustomizable>1</IsCustomizable>
      <CanBeDeleted>1</CanBeDeleted>
      <IsHidden>0</IsHidden>
      <FileName>/WebResources/new_stylecrmgridnew_gridimgsnew_appmenu_backgifCD5C2CCA-73FD-E411-9420-00155D043341</FileName>
    </WebResource>
    <WebResource>
      <WebResourceId>{bd9391d9-73fd-e411-9420-00155d043341}</WebResourceId>
      <Name>new_stylecrmgrid/new_gridimgs/new_ButtonNormalGradient.png</Name>
      <DisplayName>stylecrmgrid/new_gridimgs/new_ButtonNormalGradient.png</DisplayName>
      <WebResourceType>5</WebResourceType>
      <IsCustomizable>1</IsCustomizable>
      <CanBeDeleted>1</CanBeDeleted>
      <IsHidden>0</IsHidden>
      <FileName>/WebResources/new_stylecrmgridnew_gridimgsnew_ButtonNormalGradieBD9391D9-73FD-E411-9420-00155D043341</FileName>
    </WebResource>
    <WebResource>
      <WebResourceId>{5d2f92fa-73fd-e411-9420-00155d043341}</WebResourceId>
      <Name>new_stylecrmgrid/new_gridimgs/new_contextmenu_hover_18.png</Name>
      <DisplayName>stylecrmgrid/new_gridimgs/new_contextmenu_hover_18.png</DisplayName>
      <WebResourceType>5</WebResourceType>
      <IsCustomizable>1</IsCustomizable>
      <CanBeDeleted>1</CanBeDeleted>
      <IsHidden>0</IsHidden>
      <FileName>/WebResources/new_stylecrmgridnew_gridimgsnew_contextmenu_hover_5D2F92FA-73FD-E411-9420-00155D043341</FileName>
    </WebResource>
    <WebResource>
      <WebResourceId>{9448f50b-74fd-e411-9420-00155d043341}</WebResourceId>
      <Name>new_stylecrmgrid/new_gridimgs/new_contextmenu_hover_20.png</Name>
      <DisplayName>stylecrmgrid/new_gridimgs/new_contextmenu_hover_20.png</DisplayName>
      <WebResourceType>5</WebResourceType>
      <IsCustomizable>1</IsCustomizable>
      <CanBeDeleted>1</CanBeDeleted>
      <IsHidden>0</IsHidden>
      <FileName>/WebResources/new_stylecrmgridnew_gridimgsnew_contextmenu_hover_9448F50B-74FD-E411-9420-00155D043341</FileName>
    </WebResource>
    <WebResource>
      <WebResourceId>{e481251c-74fd-e411-9420-00155d043341}</WebResourceId>
      <Name>new_stylecrmgrid/new_gridimgs/new_control_imgs.png</Name>
      <DisplayName>stylecrmgrid/new_gridimgs/new_control_imgs.png</DisplayName>
      <WebResourceType>5</WebResourceType>
      <IsCustomizable>1</IsCustomizable>
      <CanBeDeleted>1</CanBeDeleted>
      <IsHidden>0</IsHidden>
      <FileName>/WebResources/new_stylecrmgridnew_gridimgsnew_control_imgspngE481251C-74FD-E411-9420-00155D043341</FileName>
    </WebResource>
    <WebResource>
      <WebResourceId>{c3cc4e2e-74fd-e411-9420-00155d043341}</WebResourceId>
      <Name>new_stylecrmgrid/new_gridimgs/new_control_imgs2013.png</Name>
      <DisplayName>stylecrmgrid/new_gridimgs/new_control_imgs2013.png</DisplayName>
      <WebResourceType>5</WebResourceType>
      <IsCustomizable>1</IsCustomizable>
      <CanBeDeleted>1</CanBeDeleted>
      <IsHidden>0</IsHidden>
      <FileName>/WebResources/new_stylecrmgridnew_gridimgsnew_control_imgs2013pnC3CC4E2E-74FD-E411-9420-00155D043341</FileName>
    </WebResource>
    <WebResource>
      <WebResourceId>{86457d42-74fd-e411-9420-00155d043341}</WebResourceId>
      <Name>new_stylecrmgrid/new_gridimgs/new_entity_imgs.png</Name>
      <DisplayName>stylecrmgrid/new_gridimgs/new_entity_imgs.png</DisplayName>
      <WebResourceType>5</WebResourceType>
      <IsCustomizable>1</IsCustomizable>
      <CanBeDeleted>1</CanBeDeleted>
      <IsHidden>0</IsHidden>
      <FileName>/WebResources/new_stylecrmgridnew_gridimgsnew_entity_imgspng86457D42-74FD-E411-9420-00155D043341</FileName>
    </WebResource>
    <WebResource>
      <WebResourceId>{7b83b05f-74fd-e411-9420-00155d043341}</WebResourceId>
      <Name>new_stylecrmgrid/new_gridimgs/new_entity16.png</Name>
      <DisplayName>stylecrmgrid/new_gridimgs/new_entity16.png</DisplayName>
      <WebResourceType>5</WebResourceType>
      <IsCustomizable>1</IsCustomizable>
      <CanBeDeleted>1</CanBeDeleted>
      <IsHidden>0</IsHidden>
      <FileName>/WebResources/new_stylecrmgridnew_gridimgsnew_entity16png7B83B05F-74FD-E411-9420-00155D043341</FileName>
    </WebResource>
    <WebResource>
      <WebResourceId>{4a9c65e4-74fd-e411-9420-00155d043341}</WebResourceId>
      <Name>new_ts.html</Name>
      <DisplayName>ts.html</DisplayName>
      <WebResourceType>1</WebResourceType>
      <IsCustomizable>1</IsCustomizable>
      <CanBeDeleted>1</CanBeDeleted>
      <IsHidden>0</IsHidden>
      <FileName>/WebResources/new_tshtml4A9C65E4-74FD-E411-9420-00155D043341</FileName>
    </WebResource>
    <WebResource>
      <WebResourceId>{7d94c79d-75fd-e411-9420-00155d043341}</WebResourceId>
      <Name>new_stylecrmgrid/new_theme.css</Name>
      <DisplayName>stylecrmgrid/new_theme.css</DisplayName>
      <LanguageCode>1037</LanguageCode>
      <WebResourceType>2</WebResourceType>
      <IsCustomizable>1</IsCustomizable>
      <CanBeDeleted>1</CanBeDeleted>
      <IsHidden>0</IsHidden>
      <FileName>/WebResources/new_stylecrmgridnew_themecss7D94C79D-75FD-E411-9420-00155D043341</FileName>
    </WebResource>
    <WebResource>
      <WebResourceId>{e7a245e7-78fd-e411-9420-00155d043341}</WebResourceId>
      <Name>new_stylecrmgrid/new_controls.css</Name>
      <DisplayName>stylecrmgrid/new_controls.css</DisplayName>
      <WebResourceType>2</WebResourceType>
      <IsCustomizable>1</IsCustomizable>
      <CanBeDeleted>1</CanBeDeleted>
      <IsHidden>0</IsHidden>
      <FileName>/WebResources/new_stylecrmgridnew_controlscssE7A245E7-78FD-E411-9420-00155D043341</FileName>
    </WebResource>
    <WebResource>
      <WebResourceId>{ffc881fc-78fd-e411-9420-00155d043341}</WebResourceId>
      <Name>new_stylecrmgrid/new_select.css</Name>
      <DisplayName>stylecrmgrid/new_select.css</DisplayName>
      <WebResourceType>2</WebResourceType>
      <IsCustomizable>1</IsCustomizable>
      <CanBeDeleted>1</CanBeDeleted>
      <IsHidden>0</IsHidden>
      <FileName>/WebResources/new_stylecrmgridnew_selectcssFFC881FC-78FD-E411-9420-00155D043341</FileName>
    </WebResource>
    <WebResource>
      <WebResourceId>{41763209-79fd-e411-9420-00155d043341}</WebResourceId>
      <Name>new_stylecrmgrid/new_menu.css</Name>
      <DisplayName>stylecrmgrid/new_menu.css</DisplayName>
      <WebResourceType>2</WebResourceType>
      <IsCustomizable>1</IsCustomizable>
      <CanBeDeleted>1</CanBeDeleted>
      <IsHidden>0</IsHidden>
      <FileName>/WebResources/new_stylecrmgridnew_menucss41763209-79FD-E411-9420-00155D043341</FileName>
    </WebResource>
    <WebResource>
      <WebResourceId>{8049c514-79fd-e411-9420-00155d043341}</WebResourceId>
      <Name>new_stylecrmgrid/new_CompositeControl.css</Name>
      <DisplayName>stylecrmgrid/new_CompositeControl.css</DisplayName>
      <WebResourceType>2</WebResourceType>
      <IsCustomizable>1</IsCustomizable>
      <CanBeDeleted>1</CanBeDeleted>
      <IsHidden>0</IsHidden>
      <FileName>/WebResources/new_stylecrmgridnew_CompositeControlcss8049C514-79FD-E411-9420-00155D043341</FileName>
    </WebResource>
    <WebResource>
      <WebResourceId>{833dd620-79fd-e411-9420-00155d043341}</WebResourceId>
      <Name>new_stylecrmgrid/new_appgrid.css</Name>
      <DisplayName>stylecrmgrid/new_appgrid.css</DisplayName>
      <WebResourceType>2</WebResourceType>
      <IsCustomizable>1</IsCustomizable>
      <CanBeDeleted>1</CanBeDeleted>
      <IsHidden>0</IsHidden>
      <FileName>/WebResources/new_stylecrmgridnew_appgridcss833DD620-79FD-E411-9420-00155D043341</FileName>
    </WebResource>
    <WebResource>
      <WebResourceId>{33867c2b-79fd-e411-9420-00155d043341}</WebResourceId>
      <Name>new_stylecrmgrid/new_site.css</Name>
      <DisplayName>stylecrmgrid/new_site.css</DisplayName>
      <WebResourceType>2</WebResourceType>
      <IsCustomizable>1</IsCustomizable>
      <CanBeDeleted>1</CanBeDeleted>
      <IsHidden>0</IsHidden>
      <FileName>/WebResources/new_stylecrmgridnew_sitecss33867C2B-79FD-E411-9420-00155D043341</FileName>
    </WebResource>
    <WebResource>
      <WebResourceId>{d7485941-79fd-e411-9420-00155d043341}</WebResourceId>
      <Name>new_gr.html</Name>
      <DisplayName>gr.html</DisplayName>
      <WebResourceType>1</WebResourceType>
      <IsCustomizable>1</IsCustomizable>
      <CanBeDeleted>1</CanBeDeleted>
      <IsHidden>0</IsHidden>
      <FileName>/WebResources/new_grhtmlD7485941-79FD-E411-9420-00155D043341</FileName>
    </WebResource>
    <WebResource>
      <WebResourceId>{c7047951-79fd-e411-9420-00155d043341}</WebResourceId>
      <Name>new_scripts/new_cglobal.js</Name>
      <DisplayName>scripts/new_cglobal.js</DisplayName>
      <WebResourceType>3</WebResourceType>
      <IsCustomizable>1</IsCustomizable>
      <CanBeDeleted>1</CanBeDeleted>
      <IsHidden>0</IsHidden>
      <FileName>/WebResources/new_scriptsnew_cglobaljsC7047951-79FD-E411-9420-00155D043341</FileName>
    </WebResource>
    <WebResource>
      <WebResourceId>{1ce74579-79fd-e411-9420-00155d043341}</WebResourceId>
      <Name>new_scripts/new_PageLoader.js</Name>
      <DisplayName>scripts/new_PageLoader.js</DisplayName>
      <WebResourceType>3</WebResourceType>
      <IsCustomizable>1</IsCustomizable>
      <CanBeDeleted>1</CanBeDeleted>
      <IsHidden>0</IsHidden>
      <FileName>/WebResources/new_scriptsnew_PageLoaderjs1CE74579-79FD-E411-9420-00155D043341</FileName>
    </WebResource>
    <WebResource>
      <WebResourceId>{a900d788-79fd-e411-9420-00155d043341}</WebResourceId>
      <Name>new_scripts/new_global.js</Name>
      <DisplayName>scripts/new_global.js</DisplayName>
      <WebResourceType>3</WebResourceType>
      <IsCustomizable>1</IsCustomizable>
      <CanBeDeleted>1</CanBeDeleted>
      <IsHidden>0</IsHidden>
      <FileName>/WebResources/new_scriptsnew_globaljsA900D788-79FD-E411-9420-00155D043341</FileName>
    </WebResource>
    <WebResource>
      <WebResourceId>{af5b5497-79fd-e411-9420-00155d043341}</WebResourceId>
      <Name>new_scripts/new_ScriptResx.js</Name>
      <DisplayName>scripts/new_ScriptResx.js</DisplayName>
      <WebResourceType>3</WebResourceType>
      <IsCustomizable>1</IsCustomizable>
      <CanBeDeleted>1</CanBeDeleted>
      <IsHidden>0</IsHidden>
      <FileName>/WebResources/new_scriptsnew_ScriptResxjsAF5B5497-79FD-E411-9420-00155D043341</FileName>
    </WebResource>
    <WebResource>
      <WebResourceId>{4f1f8aa4-79fd-e411-9420-00155d043341}</WebResourceId>
      <Name>new_scripts/new_entitypropertiesutil.js</Name>
      <DisplayName>scripts/new_entitypropertiesutil.js</DisplayName>
      <WebResourceType>3</WebResourceType>
      <IsCustomizable>1</IsCustomizable>
      <CanBeDeleted>1</CanBeDeleted>
      <IsHidden>0</IsHidden>
      <FileName>/WebResources/new_scriptsnew_entitypropertiesutiljs4F1F8AA4-79FD-E411-9420-00155D043341</FileName>
    </WebResource>
    <WebResource>
      <WebResourceId>{58a8edae-79fd-e411-9420-00155d043341}</WebResourceId>
      <Name>new_scripts/new_stage.js</Name>
      <DisplayName>scripts/new_stage.js</DisplayName>
      <WebResourceType>3</WebResourceType>
      <IsCustomizable>1</IsCustomizable>
      <CanBeDeleted>1</CanBeDeleted>
      <IsHidden>0</IsHidden>
      <FileName>/WebResources/new_scriptsnew_stagejs58A8EDAE-79FD-E411-9420-00155D043341</FileName>
    </WebResource>
    <WebResource>
      <WebResourceId>{1bf516be-79fd-e411-9420-00155d043341}</WebResourceId>
      <Name>new_scripts/new_form.js</Name>
      <DisplayName>scripts/new_form.js</DisplayName>
      <WebResourceType>3</WebResourceType>
      <IsCustomizable>1</IsCustomizable>
      <CanBeDeleted>1</CanBeDeleted>
      <IsHidden>0</IsHidden>
      <FileName>/WebResources/new_scriptsnew_formjs1BF516BE-79FD-E411-9420-00155D043341</FileName>
    </WebResource>
    <WebResource>
      <WebResourceId>{10a480c9-79fd-e411-9420-00155d043341}</WebResourceId>
      <Name>new_scripts/new_select.js</Name>
      <DisplayName>scripts/new_select.js</DisplayName>
      <WebResourceType>3</WebResourceType>
      <IsCustomizable>1</IsCustomizable>
      <CanBeDeleted>1</CanBeDeleted>
      <IsHidden>0</IsHidden>
      <FileName>/WebResources/new_scriptsnew_selectjs10A480C9-79FD-E411-9420-00155D043341</FileName>
    </WebResource>
    <WebResource>
      <WebResourceId>{a7d3c4d5-79fd-e411-9420-00155d043341}</WebResourceId>
      <Name>new_scripts/new_gridcontrol.js</Name>
      <DisplayName>scripts/new_gridcontrol.js</DisplayName>
      <WebResourceType>3</WebResourceType>
      <IsCustomizable>1</IsCustomizable>
      <CanBeDeleted>1</CanBeDeleted>
      <IsHidden>0</IsHidden>
      <FileName>/WebResources/new_scriptsnew_gridcontroljsA7D3C4D5-79FD-E411-9420-00155D043341</FileName>
    </WebResource>
    <WebResource>
      <WebResourceId>{43b25be3-79fd-e411-9420-00155d043341}</WebResourceId>
      <Name>new_scripts/new_GridFilters.js</Name>
      <DisplayName>scripts/new_GridFilters.js</DisplayName>
      <WebResourceType>3</WebResourceType>
      <IsCustomizable>1</IsCustomizable>
      <CanBeDeleted>1</CanBeDeleted>
      <IsHidden>0</IsHidden>
      <FileName>/WebResources/new_scriptsnew_GridFiltersjs43B25BE3-79FD-E411-9420-00155D043341</FileName>
    </WebResource>
    <WebResource>
      <WebResourceId>{cd44bafe-79fd-e411-9420-00155d043341}</WebResourceId>
      <Name>new_scripts/new_action.js</Name>
      <DisplayName>scripts/new_action.js</DisplayName>
      <WebResourceType>3</WebResourceType>
      <IsCustomizable>1</IsCustomizable>
      <CanBeDeleted>1</CanBeDeleted>
      <IsHidden>0</IsHidden>
      <FileName>/WebResources/new_scriptsnew_actionjsCD44BAFE-79FD-E411-9420-00155D043341</FileName>
    </WebResource>
    <WebResource>
      <WebResourceId>{502a330b-7afd-e411-9420-00155d043341}</WebResourceId>
      <Name>new_scripts/new_jsload.js</Name>
      <DisplayName>scripts/new_jsload.js</DisplayName>
      <WebResourceType>3</WebResourceType>
      <IsCustomizable>1</IsCustomizable>
      <CanBeDeleted>1</CanBeDeleted>
      <IsHidden>0</IsHidden>
      <FileName>/WebResources/new_scriptsnew_jsloadjs502A330B-7AFD-E411-9420-00155D043341</FileName>
    </WebResource>
    <WebResource>
      <WebResourceId>{0d303118-7afd-e411-9420-00155d043341}</WebResourceId>
      <Name>new_scripts/new_presence.js</Name>
      <DisplayName>scripts/new_presence.js</DisplayName>
      <WebResourceType>3</WebResourceType>
      <IsCustomizable>1</IsCustomizable>
      <CanBeDeleted>1</CanBeDeleted>
      <IsHidden>0</IsHidden>
      <FileName>/WebResources/new_scriptsnew_presencejs0D303118-7AFD-E411-9420-00155D043341</FileName>
    </WebResource>
    <WebResource>
      <WebResourceId>{161f513f-7afd-e411-9420-00155d043341}</WebResourceId>
      <Name>new_stylecrmgrid/new_gridimgs/new_transparent_spacer.gif</Name>
      <DisplayName>stylecrmgrid/new_gridimgs/new_transparent_spacer.gif</DisplayName>
      <WebResourceType>7</WebResourceType>
      <IsCustomizable>1</IsCustomizable>
      <CanBeDeleted>1</CanBeDeleted>
      <IsHidden>0</IsHidden>
      <FileName>/WebResources/new_stylecrmgridnew_gridimgsnew_transparent_spacer161F513F-7AFD-E411-9420-00155D043341</FileName>
    </WebResource>
    <WebResource>
      <WebResourceId>{ecda7c57-7afd-e411-9420-00155d043341}</WebResourceId>
      <Name>new_stylecrmgrid/new_gridimgs/new_transparent_spacer2013.gif</Name>
      <DisplayName>stylecrmgrid/new_gridimgs/new_transparent_spacer2013.gif</DisplayName>
      <WebResourceType>7</WebResourceType>
      <IsCustomizable>1</IsCustomizable>
      <CanBeDeleted>1</CanBeDeleted>
      <IsHidden>0</IsHidden>
      <FileName>/WebResources/new_stylecrmgridnew_gridimgsnew_transparent_spacerECDA7C57-7AFD-E411-9420-00155D043341</FileName>
    </WebResource>
    <WebResource>
      <WebResourceId>{24b560b1-7afd-e411-9420-00155d043341}</WebResourceId>
      <Name>new_stylecrmgrid/new_gridimgs/new_form_masthead.png</Name>
      <DisplayName>stylecrmgrid/new_gridimgs/new_form_masthead.png</DisplayName>
      <WebResourceType>5</WebResourceType>
      <IsCustomizable>1</IsCustomizable>
      <CanBeDeleted>1</CanBeDeleted>
      <IsHidden>0</IsHidden>
      <FileName>/WebResources/new_stylecrmgridnew_gridimgsnew_form_mastheadpng24B560B1-7AFD-E411-9420-00155D043341</FileName>
    </WebResource>
    <WebResource>
      <WebResourceId>{ccff33c5-7afd-e411-9420-00155d043341}</WebResourceId>
      <Name>new_stylecrmgrid/new_gridimgs/new_form_toolbar_back.png</Name>
      <DisplayName>stylecrmgrid/new_gridimgs/new_form_toolbar_back.png</DisplayName>
      <WebResourceType>5</WebResourceType>
      <IsCustomizable>1</IsCustomizable>
      <CanBeDeleted>1</CanBeDeleted>
      <IsHidden>0</IsHidden>
      <FileName>/WebResources/new_stylecrmgridnew_gridimgsnew_form_toolbar_backpCCFF33C5-7AFD-E411-9420-00155D043341</FileName>
    </WebResource>
    <WebResource>
      <WebResourceId>{a67969d7-7afd-e411-9420-00155d043341}</WebResourceId>
      <Name>new_stylecrmgrid/new_gridimgs/new_formentityimages.png</Name>
      <DisplayName>stylecrmgrid/new_gridimgs/new_formentityimages.png</DisplayName>
      <WebResourceType>5</WebResourceType>
      <IsCustomizable>1</IsCustomizable>
      <CanBeDeleted>1</CanBeDeleted>
      <IsHidden>0</IsHidden>
      <FileName>/WebResources/new_stylecrmgridnew_gridimgsnew_formentityimagespnA67969D7-7AFD-E411-9420-00155D043341</FileName>
    </WebResource>
    <WebResource>
      <WebResourceId>{e7ba2ee9-7afd-e411-9420-00155d043341}</WebResourceId>
      <Name>new_stylecrmgrid/new_gridimgs/new_FormFooterGradient.png</Name>
      <DisplayName>stylecrmgrid/new_gridimgs/new_FormFooterGradient.png</DisplayName>
      <WebResourceType>5</WebResourceType>
      <IsCustomizable>1</IsCustomizable>
      <CanBeDeleted>1</CanBeDeleted>
      <IsHidden>0</IsHidden>
      <FileName>/WebResources/new_stylecrmgridnew_gridimgsnew_FormFooterGradientE7BA2EE9-7AFD-E411-9420-00155D043341</FileName>
    </WebResource>
    <WebResource>
      <WebResourceId>{c45cf0ff-7afd-e411-9420-00155d043341}</WebResourceId>
      <Name>new_stylecrmgrid/new_gridimgs/new_FormHeaderGradientTop.png</Name>
      <DisplayName>stylecrmgrid/new_gridimgs/new_FormHeaderGradientTop.png</DisplayName>
      <WebResourceType>5</WebResourceType>
      <IsCustomizable>1</IsCustomizable>
      <CanBeDeleted>1</CanBeDeleted>
      <IsHidden>0</IsHidden>
      <FileName>/WebResources/new_stylecrmgridnew_gridimgsnew_FormHeaderGradientC45CF0FF-7AFD-E411-9420-00155D043341</FileName>
    </WebResource>
    <WebResource>
      <WebResourceId>{d3fddc0f-7bfd-e411-9420-00155d043341}</WebResourceId>
      <Name>new_stylecrmgrid/new_gridimgs/new_formnav_header_back.gif</Name>
      <DisplayName>stylecrmgrid/new_gridimgs/new_formnav_header_back.gif</DisplayName>
      <WebResourceType>7</WebResourceType>
      <IsCustomizable>1</IsCustomizable>
      <CanBeDeleted>1</CanBeDeleted>
      <IsHidden>0</IsHidden>
      <FileName>/WebResources/new_stylecrmgridnew_gridimgsnew_formnav_header_bacD3FDDC0F-7BFD-E411-9420-00155D043341</FileName>
    </WebResource>
    <WebResource>
      <WebResourceId>{54948b1f-7bfd-e411-9420-00155d043341}</WebResourceId>
      <Name>new_stylecrmgrid/new_gridimgs/new_FormTabLinkGradient.png</Name>
      <DisplayName>stylecrmgrid/new_gridimgs/new_FormTabLinkGradient.png</DisplayName>
      <WebResourceType>5</WebResourceType>
      <IsCustomizable>1</IsCustomizable>
      <CanBeDeleted>1</CanBeDeleted>
      <IsHidden>0</IsHidden>
      <FileName>/WebResources/new_stylecrmgridnew_gridimgsnew_FormTabLinkGradien54948B1F-7BFD-E411-9420-00155D043341</FileName>
    </WebResource>
    <WebResource>
      <WebResourceId>{abff7b30-7bfd-e411-9420-00155d043341}</WebResourceId>
      <Name>new_stylecrmgrid/new_gridimgs/new_grid_ctrl_imgs.png</Name>
      <DisplayName>stylecrmgrid/new_gridimgs/new_grid_ctrl_imgs.png</DisplayName>
      <WebResourceType>5</WebResourceType>
      <IsCustomizable>1</IsCustomizable>
      <CanBeDeleted>1</CanBeDeleted>
      <IsHidden>0</IsHidden>
      <FileName>/WebResources/new_stylecrmgridnew_gridimgsnew_grid_ctrl_imgspngABFF7B30-7BFD-E411-9420-00155D043341</FileName>
    </WebResource>
    <WebResource>
      <WebResourceId>{e55c0d41-7bfd-e411-9420-00155d043341}</WebResourceId>
      <Name>new_stylecrmgrid/new_gridimgs/new_grid_ctrl_imgs2013.png</Name>
      <DisplayName>stylecrmgrid/new_gridimgs/new_grid_ctrl_imgs2013.png</DisplayName>
      <WebResourceType>5</WebResourceType>
      <IsCustomizable>1</IsCustomizable>
      <CanBeDeleted>1</CanBeDeleted>
      <IsHidden>0</IsHidden>
      <FileName>/WebResources/new_stylecrmgridnew_gridimgsnew_grid_ctrl_imgs2013E55C0D41-7BFD-E411-9420-00155D043341</FileName>
    </WebResource>
    <WebResource>
      <WebResourceId>{08e0e05f-7bfd-e411-9420-00155d043341}</WebResourceId>
      <Name>new_stylecrmgrid/new_gridimgs/new_GridColumnGradient.png</Name>
      <DisplayName>stylecrmgrid/new_gridimgs/new_GridColumnGradient.png</DisplayName>
      <WebResourceType>5</WebResourceType>
      <IsCustomizable>1</IsCustomizable>
      <CanBeDeleted>1</CanBeDeleted>
      <IsHidden>0</IsHidden>
      <FileName>/WebResources/new_stylecrmgridnew_gridimgsnew_GridColumnGradient08E0E05F-7BFD-E411-9420-00155D043341</FileName>
    </WebResource>
    <WebResource>
      <WebResourceId>{81d5c193-11fe-e411-9420-00155d043341}</WebResourceId>
      <Name>new_stylecrmgrid/new_gridimgs/new_GridToolbarBkgd.png</Name>
      <DisplayName>stylecrmgrid/new_gridimgs/new_GridToolbarBkgd.png</DisplayName>
      <WebResourceType>5</WebResourceType>
      <IsCustomizable>1</IsCustomizable>
      <CanBeDeleted>1</CanBeDeleted>
      <IsHidden>0</IsHidden>
      <FileName>/WebResources/new_stylecrmgridnew_gridimgsnew_GridToolbarBkgdpng81D5C193-11FE-E411-9420-00155D043341</FileName>
    </WebResource>
    <WebResource>
      <WebResourceId>{538c98b1-11fe-e411-9420-00155d043341}</WebResourceId>
      <Name>new_stylecrmgrid/new_gridimgs/new_GridTitleBarHorzLine.png</Name>
      <DisplayName>stylecrmgrid/new_gridimgs/new_GridTitleBarHorzLine.png</DisplayName>
      <WebResourceType>5</WebResourceType>
      <IsCustomizable>1</IsCustomizable>
      <CanBeDeleted>1</CanBeDeleted>
      <IsHidden>0</IsHidden>
      <FileName>/WebResources/new_stylecrmgridnew_gridimgsnew_GridTitleBarHorzLi538C98B1-11FE-E411-9420-00155D043341</FileName>
    </WebResource>
    <WebResource>
      <WebResourceId>{9c8506f1-11fe-e411-9420-00155d043341}</WebResourceId>
      <Name>new_stylecrmgrid/new_gridimgs/new_ico_16_insertCheck.gif</Name>
      <DisplayName>stylecrmgrid/new_gridimgs/new_ico_16_insertCheck.gif</DisplayName>
      <LanguageCode>1037</LanguageCode>
      <WebResourceType>7</WebResourceType>
      <IsCustomizable>1</IsCustomizable>
      <CanBeDeleted>1</CanBeDeleted>
      <IsHidden>0</IsHidden>
      <FileName>/WebResources/new_stylecrmgridnew_gridimgsnew_ico_16_insertCheck9C8506F1-11FE-E411-9420-00155D043341</FileName>
    </WebResource>
    <WebResource>
      <WebResourceId>{bee3e604-12fe-e411-9420-00155d043341}</WebResourceId>
      <Name>new_stylecrmgrid/new_gridimgs/new_ico_16_4400.gif</Name>
      <DisplayName>stylecrmgrid/new_gridimgs/new_ico_16_4400.gif</DisplayName>
      <WebResourceType>7</WebResourceType>
      <IsCustomizable>1</IsCustomizable>
      <CanBeDeleted>1</CanBeDeleted>
      <IsHidden>0</IsHidden>
      <FileName>/WebResources/new_stylecrmgridnew_gridimgsnew_ico_16_4400gifBEE3E604-12FE-E411-9420-00155D043341</FileName>
    </WebResource>
    <WebResource>
      <WebResourceId>{93bb7513-12fe-e411-9420-00155d043341}</WebResourceId>
      <Name>new_stylecrmgrid/new_gridimgs/new_inlineedit_images.png</Name>
      <DisplayName>stylecrmgrid/new_gridimgs/new_inlineedit_images.png</DisplayName>
      <WebResourceType>5</WebResourceType>
      <IsCustomizable>1</IsCustomizable>
      <CanBeDeleted>1</CanBeDeleted>
      <IsHidden>0</IsHidden>
      <FileName>/WebResources/new_stylecrmgridnew_gridimgsnew_inlineedit_imagesp93BB7513-12FE-E411-9420-00155D043341</FileName>
    </WebResource>
    <WebResource>
      <WebResourceId>{fbd39724-12fe-e411-9420-00155d043341}</WebResourceId>
      <Name>new_stylecrmgrid/new_gridimgs/new_mast_back.gif</Name>
      <DisplayName>stylecrmgrid/new_gridimgs/new_mast_back.gif</DisplayName>
      <WebResourceType>7</WebResourceType>
      <IsCustomizable>1</IsCustomizable>
      <CanBeDeleted>1</CanBeDeleted>
      <IsHidden>0</IsHidden>
      <FileName>/WebResources/new_stylecrmgridnew_gridimgsnew_mast_backgifFBD39724-12FE-E411-9420-00155D043341</FileName>
    </WebResource>
    <WebResource>
      <WebResourceId>{ed3d2033-12fe-e411-9420-00155d043341}</WebResourceId>
      <Name>new_stylecrmgrid/new_gridimgs/new_masthead_live_rtl.jpg</Name>
      <DisplayName>stylecrmgrid/new_gridimgs/new_masthead_live_rtl.jpg</DisplayName>
      <WebResourceType>6</WebResourceType>
      <IsCustomizable>1</IsCustomizable>
      <CanBeDeleted>1</CanBeDeleted>
      <IsHidden>0</IsHidden>
      <FileName>/WebResources/new_stylecrmgridnew_gridimgsnew_masthead_live_rtljED3D2033-12FE-E411-9420-00155D043341</FileName>
    </WebResource>
    <WebResource>
      <WebResourceId>{c1c3ca44-12fe-e411-9420-00155d043341}</WebResourceId>
      <Name>new_stylecrmgrid/new_gridimgs/new_masthead_rtl.jpg</Name>
      <DisplayName>stylecrmgrid/new_gridimgs/new_masthead_rtl.jpg</DisplayName>
      <WebResourceType>6</WebResourceType>
      <IsCustomizable>1</IsCustomizable>
      <CanBeDeleted>1</CanBeDeleted>
      <IsHidden>0</IsHidden>
      <FileName>/WebResources/new_stylecrmgridnew_gridimgsnew_masthead_rtljpgC1C3CA44-12FE-E411-9420-00155D043341</FileName>
    </WebResource>
    <WebResource>
      <WebResourceId>{0fbfd051-12fe-e411-9420-00155d043341}</WebResourceId>
      <Name>new_stylecrmgrid/new_gridimgs/new_menu_margin.gif</Name>
      <DisplayName>stylecrmgrid/new_gridimgs/new_menu_margin.gif</DisplayName>
      <WebResourceType>7</WebResourceType>
      <IsCustomizable>1</IsCustomizable>
      <CanBeDeleted>1</CanBeDeleted>
      <IsHidden>0</IsHidden>
      <FileName>/WebResources/new_stylecrmgridnew_gridimgsnew_menu_margingif0FBFD051-12FE-E411-9420-00155D043341</FileName>
    </WebResource>
    <WebResource>
      <WebResourceId>{c441ee63-12fe-e411-9420-00155d043341}</WebResourceId>
      <Name>new_stylecrmgrid/new_gridimgs/new_nav_header_back.gif</Name>
      <DisplayName>stylecrmgrid/new_gridimgs/new_nav_header_back.gif</DisplayName>
      <WebResourceType>7</WebResourceType>
      <IsCustomizable>1</IsCustomizable>
      <CanBeDeleted>1</CanBeDeleted>
      <IsHidden>0</IsHidden>
      <FileName>/WebResources/new_stylecrmgridnew_gridimgsnew_nav_header_backgifC441EE63-12FE-E411-9420-00155D043341</FileName>
    </WebResource>
    <WebResource>
      <WebResourceId>{48bf8f77-12fe-e411-9420-00155d043341}</WebResourceId>
      <Name>new_stylecrmgrid/new_gridimgs/new_nav_hover_highlight.png</Name>
      <DisplayName>stylecrmgrid/new_gridimgs/new_nav_hover_highlight.png</DisplayName>
      <WebResourceType>5</WebResourceType>
      <IsCustomizable>1</IsCustomizable>
      <CanBeDeleted>1</CanBeDeleted>
      <IsHidden>0</IsHidden>
      <FileName>/WebResources/new_stylecrmgridnew_gridimgsnew_nav_hover_highligh48BF8F77-12FE-E411-9420-00155D043341</FileName>
    </WebResource>
    <WebResource>
      <WebResourceId>{0871ed88-12fe-e411-9420-00155d043341}</WebResourceId>
      <Name>new_stylecrmgrid/new_gridimgs/new_pcc_images.png</Name>
      <DisplayName>stylecrmgrid/new_gridimgs/new_pcc_images.png</DisplayName>
      <WebResourceType>5</WebResourceType>
      <IsCustomizable>1</IsCustomizable>
      <CanBeDeleted>1</CanBeDeleted>
      <IsHidden>0</IsHidden>
      <FileName>/WebResources/new_stylecrmgridnew_gridimgsnew_pcc_imagespng0871ED88-12FE-E411-9420-00155D043341</FileName>
    </WebResource>
    <WebResource>
      <WebResourceId>{9ba7dd96-12fe-e411-9420-00155d043341}</WebResourceId>
      <Name>new_stylecrmgrid/new_gridimgs/new_process_control_images.png</Name>
      <DisplayName>stylecrmgrid/new_gridimgs/new_process_control_images.png</DisplayName>
      <WebResourceType>5</WebResourceType>
      <IsCustomizable>1</IsCustomizable>
      <CanBeDeleted>1</CanBeDeleted>
      <IsHidden>0</IsHidden>
      <FileName>/WebResources/new_stylecrmgridnew_gridimgsnew_process_control_im9BA7DD96-12FE-E411-9420-00155D043341</FileName>
    </WebResource>
    <WebResource>
      <WebResourceId>{3dd1edbf-12fe-e411-9420-00155d043341}</WebResourceId>
      <Name>new_stylecrmgrid/new_gridimgs/new_rbgbbg.png</Name>
      <DisplayName>stylecrmgrid/new_gridimgs/new_rbgbbg.png</DisplayName>
      <WebResourceType>5</WebResourceType>
      <IsCustomizable>1</IsCustomizable>
      <CanBeDeleted>1</CanBeDeleted>
      <IsHidden>0</IsHidden>
      <FileName>/WebResources/new_stylecrmgridnew_gridimgsnew_rbgbbgpng3DD1EDBF-12FE-E411-9420-00155D043341</FileName>
    </WebResource>
    <WebResource>
      <WebResourceId>{0d3210cd-12fe-e411-9420-00155d043341}</WebResourceId>
      <Name>new_stylecrmgrid/new_gridimgs/new_refresh_commandbar_images.png</Name>
      <DisplayName>stylecrmgrid/new_gridimgs/new_refresh_commandbar_images.png</DisplayName>
      <WebResourceType>5</WebResourceType>
      <IsCustomizable>1</IsCustomizable>
      <CanBeDeleted>1</CanBeDeleted>
      <IsHidden>0</IsHidden>
      <FileName>/WebResources/new_stylecrmgridnew_gridimgsnew_refresh_commandbar0D3210CD-12FE-E411-9420-00155D043341</FileName>
    </WebResource>
    <WebResource>
      <WebResourceId>{017ad1f4-12fe-e411-9420-00155d043341}</WebResourceId>
      <Name>new_stylecrmgrid/new_gridimgs/new_ribbon.png</Name>
      <DisplayName>stylecrmgrid/new_gridimgs/new_ribbon.png</DisplayName>
      <WebResourceType>5</WebResourceType>
      <IsCustomizable>1</IsCustomizable>
      <CanBeDeleted>1</CanBeDeleted>
      <IsHidden>0</IsHidden>
      <FileName>/WebResources/new_stylecrmgridnew_gridimgsnew_ribbonpng017AD1F4-12FE-E411-9420-00155D043341</FileName>
    </WebResource>
    <WebResource>
      <WebResourceId>{a33b9a03-13fe-e411-9420-00155d043341}</WebResourceId>
      <Name>new_stylecrmgrid/new_gridimgs/new_ribbonhomepage.png</Name>
      <DisplayName>stylecrmgrid/new_gridimgs/new_ribbonhomepage.png</DisplayName>
      <WebResourceType>5</WebResourceType>
      <IsCustomizable>1</IsCustomizable>
      <CanBeDeleted>1</CanBeDeleted>
      <IsHidden>0</IsHidden>
      <FileName>/WebResources/new_stylecrmgridnew_gridimgsnew_ribbonhomepagepngA33B9A03-13FE-E411-9420-00155D043341</FileName>
    </WebResource>
    <WebResource>
      <WebResourceId>{d19e5212-13fe-e411-9420-00155d043341}</WebResourceId>
      <Name>new_stylecrmgrid/new_gridimgs/new_RightClickMenuChannel.png</Name>
      <DisplayName>stylecrmgrid/new_gridimgs/new_RightClickMenuChannel.png</DisplayName>
      <WebResourceType>5</WebResourceType>
      <IsCustomizable>1</IsCustomizable>
      <CanBeDeleted>1</CanBeDeleted>
      <IsHidden>0</IsHidden>
      <FileName>/WebResources/new_stylecrmgridnew_gridimgsnew_RightClickMenuChanD19E5212-13FE-E411-9420-00155D043341</FileName>
    </WebResource>
    <WebResource>
      <WebResourceId>{54db451f-13fe-e411-9420-00155d043341}</WebResourceId>
      <Name>new_stylecrmgrid/new_gridimgs/new_TabGradient.gif</Name>
      <DisplayName>stylecrmgrid/new_gridimgs/new_TabGradient.gif</DisplayName>
      <WebResourceType>7</WebResourceType>
      <IsCustomizable>1</IsCustomizable>
      <CanBeDeleted>1</CanBeDeleted>
      <IsHidden>0</IsHidden>
      <FileName>/WebResources/new_stylecrmgridnew_gridimgsnew_TabGradientgif54DB451F-13FE-E411-9420-00155D043341</FileName>
    </WebResource>
    <WebResource>
      <WebResourceId>{63fbed2e-13fe-e411-9420-00155d043341}</WebResourceId>
      <Name>new_stylecrmgrid/new_gridimgs/new_visualization.png</Name>
      <DisplayName>stylecrmgrid/new_gridimgs/new_visualization.png</DisplayName>
      <WebResourceType>5</WebResourceType>
      <IsCustomizable>1</IsCustomizable>
      <CanBeDeleted>1</CanBeDeleted>
      <IsHidden>0</IsHidden>
      <FileName>/WebResources/new_stylecrmgridnew_gridimgsnew_visualizationpng63FBED2E-13FE-E411-9420-00155D043341</FileName>
    </WebResource>
    <WebResource>
      <WebResourceId>{77789803-17fe-e411-9420-00155d043341}</WebResourceId>
      <Name>new_stylecrmgrid/new_gridimgs/new_wunderbar_hover.png</Name>
      <DisplayName>stylecrmgrid/new_gridimgs/new_wunderbar_hover.png</DisplayName>
      <WebResourceType>5</WebResourceType>
      <IsCustomizable>1</IsCustomizable>
      <CanBeDeleted>1</CanBeDeleted>
      <IsHidden>0</IsHidden>
      <FileName>/WebResources/new_stylecrmgridnew_gridimgsnew_wunderbar_hoverpng77789803-17FE-E411-9420-00155D043341</FileName>
    </WebResource>
    <WebResource>
      <WebResourceId>{87f1a521-17fe-e411-9420-00155d043341}</WebResourceId>
      <Name>new_stylecrmgrid/new_gridimgs/new_wunderbar_rest.png</Name>
      <DisplayName>stylecrmgrid/new_gridimgs/new_wunderbar_rest.png</DisplayName>
      <WebResourceType>5</WebResourceType>
      <IsCustomizable>1</IsCustomizable>
      <CanBeDeleted>1</CanBeDeleted>
      <IsHidden>0</IsHidden>
      <FileName>/WebResources/new_stylecrmgridnew_gridimgsnew_wunderbar_restpng87F1A521-17FE-E411-9420-00155D043341</FileName>
    </WebResource>
    <WebResource>
      <WebResourceId>{3632c22f-17fe-e411-9420-00155d043341}</WebResourceId>
      <Name>new_stylecrmgrid/new_gridimgs/new_wunderbar_sel.png</Name>
      <DisplayName>stylecrmgrid/new_gridimgs/new_wunderbar_sel.png</DisplayName>
      <WebResourceType>5</WebResourceType>
      <IsCustomizable>1</IsCustomizable>
      <CanBeDeleted>1</CanBeDeleted>
      <IsHidden>0</IsHidden>
      <FileName>/WebResources/new_stylecrmgridnew_gridimgsnew_wunderbar_selpng3632C22F-17FE-E411-9420-00155D043341</FileName>
    </WebResource>
    <WebResource>
      <WebResourceId>{82d724c3-17fe-e411-9420-00155d043341}</WebResourceId>
      <Name>new_new_stylecrmgrid/new_global.css</Name>
      <DisplayName>new_stylecrmgrid/new_global.css</DisplayName>
      <WebResourceType>2</WebResourceType>
      <IsCustomizable>1</IsCustomizable>
      <CanBeDeleted>1</CanBeDeleted>
      <IsHidden>0</IsHidden>
      <FileName>/WebResources/new_new_stylecrmgridnew_globalcss82D724C3-17FE-E411-9420-00155D043341</FileName>
    </WebResource>
    <WebResource>
      <WebResourceId>{adde2518-18fe-e411-9420-00155d043341}</WebResourceId>
      <Name>new_stylecrmgrid/new_gridimgs/new_repeat_x_1.png</Name>
      <DisplayName>stylecrmgrid/new_gridimgs/new_repeat_x_1.png</DisplayName>
      <WebResourceType>5</WebResourceType>
      <IsCustomizable>1</IsCustomizable>
      <CanBeDeleted>1</CanBeDeleted>
      <IsHidden>0</IsHidden>
      <FileName>/WebResources/new_stylecrmgridnew_gridimgsnew_repeat_x_1pngADDE2518-18FE-E411-9420-00155D043341</FileName>
    </WebResource>
    <WebResource>
      <WebResourceId>{60ee9ff3-19fe-e411-9420-00155d043341}</WebResourceId>
      <Name>new_stylecrmgrid/new_gridimgs/new_repeat_x_14.png</Name>
      <DisplayName>stylecrmgrid/new_gridimgs/new_repeat_x_14.png</DisplayName>
      <WebResourceType>5</WebResourceType>
      <IsCustomizable>1</IsCustomizable>
      <CanBeDeleted>1</CanBeDeleted>
      <IsHidden>0</IsHidden>
      <FileName>/WebResources/new_stylecrmgridnew_gridimgsnew_repeat_x_14png60EE9FF3-19FE-E411-9420-00155D043341</FileName>
    </WebResource>
    <WebResource>
      <WebResourceId>{b090bbff-19fe-e411-9420-00155d043341}</WebResourceId>
      <Name>new_stylecrmgrid/new_gridimgs/new_repeat_x_15.png</Name>
      <DisplayName>stylecrmgrid/new_gridimgs/new_repeat_x_15.png</DisplayName>
      <WebResourceType>5</WebResourceType>
      <IsCustomizable>1</IsCustomizable>
      <CanBeDeleted>1</CanBeDeleted>
      <IsHidden>0</IsHidden>
      <FileName>/WebResources/new_stylecrmgridnew_gridimgsnew_repeat_x_15pngB090BBFF-19FE-E411-9420-00155D043341</FileName>
    </WebResource>
    <WebResource>
      <WebResourceId>{aeefe20c-1afe-e411-9420-00155d043341}</WebResourceId>
      <Name>new_stylecrmgrid/new_gridimgs/new_repeat_x_16.png</Name>
      <DisplayName>stylecrmgrid/new_gridimgs/new_repeat_x_16.png</DisplayName>
      <WebResourceType>5</WebResourceType>
      <IsCustomizable>1</IsCustomizable>
      <CanBeDeleted>1</CanBeDeleted>
      <IsHidden>0</IsHidden>
      <FileName>/WebResources/new_stylecrmgridnew_gridimgsnew_repeat_x_16pngAEEFE20C-1AFE-E411-9420-00155D043341</FileName>
    </WebResource>
    <WebResource>
      <WebResourceId>{afefe20c-1afe-e411-9420-00155d043341}</WebResourceId>
      <Name>new_stylecrmgrid/new_gridimgs/new_repeat_x_16.png</Name>
      <DisplayName>stylecrmgrid/new_gridimgs/new_repeat_x_16.png</DisplayName>
      <WebResourceType>5</WebResourceType>
      <IsCustomizable>1</IsCustomizable>
      <CanBeDeleted>1</CanBeDeleted>
      <IsHidden>0</IsHidden>
      <FileName>/WebResources/new_stylecrmgridnew_gridimgsnew_repeat_x_16pngAFEFE20C-1AFE-E411-9420-00155D043341</FileName>
    </WebResource>
    <WebResource>
      <WebResourceId>{29ad6b7e-1afe-e411-9420-00155d043341}</WebResourceId>
      <Name>new_stylecrmgrid/new_gridimgs/new_ui_icons_469bdd_256x240.png</Name>
      <DisplayName>stylecrmgrid/new_gridimgs/new_ui_icons_469bdd_256x240.png</DisplayName>
      <WebResourceType>5</WebResourceType>
      <IsCustomizable>1</IsCustomizable>
      <CanBeDeleted>1</CanBeDeleted>
      <IsHidden>0</IsHidden>
      <FileName>/WebResources/new_stylecrmgridnew_gridimgsnew_ui_icons_469bdd_2529AD6B7E-1AFE-E411-9420-00155D043341</FileName>
    </WebResource>
    <WebResource>
      <WebResourceId>{3c72a4e1-20fe-e411-9420-00155d043341}</WebResourceId>
      <Name>new_fake.htm</Name>
      <DisplayName>fake.htm</DisplayName>
      <WebResourceType>1</WebResourceType>
      <IsCustomizable>1</IsCustomizable>
      <CanBeDeleted>1</CanBeDeleted>
      <IsHidden>0</IsHidden>
      <FileName>/WebResources/new_fakehtm3C72A4E1-20FE-E411-9420-00155D043341</FileName>
    </WebResource>
    <WebResource>
      <WebResourceId>{3d72a4e1-20fe-e411-9420-00155d043341}</WebResourceId>
      <Name>new_fake.htm</Name>
      <DisplayName>fake.htm</DisplayName>
      <WebResourceType>1</WebResourceType>
      <IsCustomizable>1</IsCustomizable>
      <CanBeDeleted>1</CanBeDeleted>
      <IsHidden>0</IsHidden>
      <FileName>/WebResources/new_fakehtm3D72A4E1-20FE-E411-9420-00155D043341</FileName>
    </WebResource>
    <WebResource>
      <WebResourceId>{d9f7cdf7-20fe-e411-9420-00155d043341}</WebResourceId>
      <Name>new_scripts/new_clientSenderMock.js</Name>
      <DisplayName>scripts/new_clientSenderMock.js</DisplayName>
      <WebResourceType>3</WebResourceType>
      <IsCustomizable>1</IsCustomizable>
      <CanBeDeleted>1</CanBeDeleted>
      <IsHidden>0</IsHidden>
      <FileName>/WebResources/new_scriptsnew_clientSenderMockjsD9F7CDF7-20FE-E411-9420-00155D043341</FileName>
    </WebResource>
    <WebResource>
      <WebResourceId>{79ebcb16-21fe-e411-9420-00155d043341}</WebResourceId>
      <Name>new_scripts/new_fakeData.xml</Name>
      <DisplayName>scripts/new_fakeData.xml</DisplayName>
      <WebResourceType>4</WebResourceType>
      <IsCustomizable>1</IsCustomizable>
      <CanBeDeleted>1</CanBeDeleted>
      <IsHidden>0</IsHidden>
      <FileName>/WebResources/new_scriptsnew_fakeDataxml79EBCB16-21FE-E411-9420-00155D043341</FileName>
    </WebResource>
  </WebResources>
  <Languages>
    <Language>1037</Language>
  </Languages>
</ImportExportXml>