<ImportExportXml version="5.0.9690.3731" minimumversion="5.0" languagecode="1037" generatedBy="OnPremise" xmlns:xsi="http://www.w3.org/2001/XMLSchema-instance">
  <SolutionManifest>
    <UniqueName>crmgrid</UniqueName>
    <LocalizedNames>
      <LocalizedName description="crmgrid" languagecode="1037" />
    </LocalizedNames>
    <Descriptions />
    <Version>1.0.0.0</Version>
    <Managed>0</Managed>
    <Publisher>
      <UniqueName>DefaultPublisherMANTA</UniqueName>
      <LocalizedNames>
        <LocalizedName description="מפרסם ברירת מחדל עבור MANTA" languagecode="1037" />
      </LocalizedNames>
      <Descriptions>
        <Description description="מפרסם ברירת מחדל עבור ארגון זה" languagecode="1037" />
      </Descriptions>
      <EMailAddress xsi:nil="true"></EMailAddress>
      <SupportingWebsiteUrl xsi:nil="true"></SupportingWebsiteUrl>
      <CustomizationPrefix>new</CustomizationPrefix>
      <CustomizationOptionValuePrefix>10000</CustomizationOptionValuePrefix>
      <Addresses>
        <Address>
          <AddressNumber>1</AddressNumber>
          <AddressTypeCode xsi:nil="true"></AddressTypeCode>
          <City xsi:nil="true"></City>
          <County xsi:nil="true"></County>
          <Country xsi:nil="true"></Country>
          <Fax xsi:nil="true"></Fax>
          <FreightTermsCode xsi:nil="true"></FreightTermsCode>
          <ImportSequenceNumber xsi:nil="true"></ImportSequenceNumber>
          <Latitude xsi:nil="true"></Latitude>
          <Line1 xsi:nil="true"></Line1>
          <Line2 xsi:nil="true"></Line2>
          <Line3 xsi:nil="true"></Line3>
          <Longitude xsi:nil="true"></Longitude>
          <Name xsi:nil="true"></Name>
          <PostalCode xsi:nil="true"></PostalCode>
          <PostOfficeBox xsi:nil="true"></PostOfficeBox>
          <PrimaryContactName xsi:nil="true"></PrimaryContactName>
          <ShippingMethodCode xsi:nil="true"></ShippingMethodCode>
          <StateOrProvince xsi:nil="true"></StateOrProvince>
          <Telephone1 xsi:nil="true"></Telephone1>
          <Telephone2 xsi:nil="true"></Telephone2>
          <Telephone3 xsi:nil="true"></Telephone3>
          <TimeZoneRuleVersionNumber xsi:nil="true"></TimeZoneRuleVersionNumber>
          <UPSZone xsi:nil="true"></UPSZone>
          <UTCOffset xsi:nil="true"></UTCOffset>
          <UTCConversionTimeZoneCode xsi:nil="true"></UTCConversionTimeZoneCode>
        </Address>
        <Address>
          <AddressNumber>2</AddressNumber>
          <AddressTypeCode xsi:nil="true"></AddressTypeCode>
          <City xsi:nil="true"></City>
          <County xsi:nil="true"></County>
          <Country xsi:nil="true"></Country>
          <Fax xsi:nil="true"></Fax>
          <FreightTermsCode xsi:nil="true"></FreightTermsCode>
          <ImportSequenceNumber xsi:nil="true"></ImportSequenceNumber>
          <Latitude xsi:nil="true"></Latitude>
          <Line1 xsi:nil="true"></Line1>
          <Line2 xsi:nil="true"></Line2>
          <Line3 xsi:nil="true"></Line3>
          <Longitude xsi:nil="true"></Longitude>
          <Name xsi:nil="true"></Name>
          <PostalCode xsi:nil="true"></PostalCode>
          <PostOfficeBox xsi:nil="true"></PostOfficeBox>
          <PrimaryContactName xsi:nil="true"></PrimaryContactName>
          <ShippingMethodCode xsi:nil="true"></ShippingMethodCode>
          <StateOrProvince xsi:nil="true"></StateOrProvince>
          <Telephone1 xsi:nil="true"></Telephone1>
          <Telephone2 xsi:nil="true"></Telephone2>
          <Telephone3 xsi:nil="true"></Telephone3>
          <TimeZoneRuleVersionNumber xsi:nil="true"></TimeZoneRuleVersionNumber>
          <UPSZone xsi:nil="true"></UPSZone>
          <UTCOffset xsi:nil="true"></UTCOffset>
          <UTCConversionTimeZoneCode xsi:nil="true"></UTCConversionTimeZoneCode>
        </Address>
      </Addresses>
    </Publisher>
    <RootComponents>
      <RootComponent type="61" schemaName="new_fake.htm" />
      <RootComponent type="61" schemaName="new_fake.htm" />
      <RootComponent type="61" schemaName="new_gr.html" />
      <RootComponent type="61" schemaName="new_new_stylecrmgrid/new_global.css" />
      <RootComponent type="61" schemaName="new_scripts/new_action.js" />
      <RootComponent type="61" schemaName="new_scripts/new_AppViewModel.js" />
      <RootComponent type="61" schemaName="new_scripts/new_cglobal.js" />
      <RootComponent type="61" schemaName="new_scripts/new_clientSender.js" />
      <RootComponent type="61" schemaName="new_scripts/new_clientSenderMock.js" />
      <RootComponent type="61" schemaName="new_scripts/new_democonfig.js" />
      <RootComponent type="61" schemaName="new_scripts/new_entitypropertiesutil.js" />
      <RootComponent type="61" schemaName="new_scripts/new_fakeData.xml" />
      <RootComponent type="61" schemaName="new_scripts/new_form.js" />
      <RootComponent type="61" schemaName="new_scripts/new_global.js" />
      <RootComponent type="61" schemaName="new_scripts/new_gridcontrol.js" />
      <RootComponent type="61" schemaName="new_scripts/new_GridFilters.js" />
      <RootComponent type="61" schemaName="new_scripts/new_jquery_1_8_2.js" />
      <RootComponent type="61" schemaName="new_scripts/new_jsload.js" />
      <RootComponent type="61" schemaName="new_scripts/new_kglobal.js" />
      <RootComponent type="61" schemaName="new_scripts/new_knockout_2_2_0rc.js" />
      <RootComponent type="61" schemaName="new_scripts/new_mockdata.js" />
      <RootComponent type="61" schemaName="new_scripts/new_PageLoader.js" />
      <RootComponent type="61" schemaName="new_scripts/new_presence.js" />
      <RootComponent type="61" schemaName="new_scripts/new_rowclick.js" />
      <RootComponent type="61" schemaName="new_scripts/new_Schema.js" />
      <RootComponent type="61" schemaName="new_scripts/new_ScriptResx.js" />
      <RootComponent type="61" schemaName="new_scripts/new_select.js" />
      <RootComponent type="61" schemaName="new_scripts/new_stage.js" />
      <RootComponent type="61" schemaName="new_scripts/new_subgrid.js" />
      <RootComponent type="61" schemaName="new_stylecrmgrid/new_appgrid.css" />
      <RootComponent type="61" schemaName="new_stylecrmgrid/new_CompositeControl.css" />
      <RootComponent type="61" schemaName="new_stylecrmgrid/new_controls.css" />
      <RootComponent type="61" schemaName="new_stylecrmgrid/new_fonts.css" />
      <RootComponent type="61" schemaName="new_stylecrmgrid/new_global.css" />
      <RootComponent type="61" schemaName="new_stylecrmgrid/new_gridimgs/new_16_L_check.gif" />
      <RootComponent type="61" schemaName="new_stylecrmgrid/new_gridimgs/new_activitieswall_images.png" />
      <RootComponent type="61" schemaName="new_stylecrmgrid/new_gridimgs/new_appmenu_back.gif" />
      <RootComponent type="61" schemaName="new_stylecrmgrid/new_gridimgs/new_app_back.png" />
      <RootComponent type="61" schemaName="new_stylecrmgrid/new_gridimgs/new_ButtonNormalGradient.png" />
      <RootComponent type="61" schemaName="new_stylecrmgrid/new_gridimgs/new_contextmenu_hover_18.png" />
      <RootComponent type="61" schemaName="new_stylecrmgrid/new_gridimgs/new_contextmenu_hover_20.png" />
      <RootComponent type="61" schemaName="new_stylecrmgrid/new_gridimgs/new_control_imgs.png" />
      <RootComponent type="61" schemaName="new_stylecrmgrid/new_gridimgs/new_control_imgs2013.png" />
      <RootComponent type="61" schemaName="new_stylecrmgrid/new_gridimgs/new_entity16.png" />
      <RootComponent type="61" schemaName="new_stylecrmgrid/new_gridimgs/new_entity_imgs.png" />
      <RootComponent type="61" schemaName="new_stylecrmgrid/new_gridimgs/new_formentityimages.png" />
      <RootComponent type="61" schemaName="new_stylecrmgrid/new_gridimgs/new_FormFooterGradient.png" />
      <RootComponent type="61" schemaName="new_stylecrmgrid/new_gridimgs/new_FormHeaderGradientTop.png" />
      <RootComponent type="61" schemaName="new_stylecrmgrid/new_gridimgs/new_formnav_header_back.gif" />
      <RootComponent type="61" schemaName="new_stylecrmgrid/new_gridimgs/new_FormTabLinkGradient.png" />
      <RootComponent type="61" schemaName="new_stylecrmgrid/new_gridimgs/new_form_masthead.png" />
      <RootComponent type="61" schemaName="new_stylecrmgrid/new_gridimgs/new_form_toolbar_back.png" />
      <RootComponent type="61" schemaName="new_stylecrmgrid/new_gridimgs/new_GridColumnGradient.png" />
      <RootComponent type="61" schemaName="new_stylecrmgrid/new_gridimgs/new_GridTitleBarHorzLine.png" />
      <RootComponent type="61" schemaName="new_stylecrmgrid/new_gridimgs/new_GridToolbarBkgd.png" />
      <RootComponent type="61" schemaName="new_stylecrmgrid/new_gridimgs/new_grid_ctrl_imgs.png" />
      <RootComponent type="61" schemaName="new_stylecrmgrid/new_gridimgs/new_grid_ctrl_imgs2013.png" />
      <RootComponent type="61" schemaName="new_stylecrmgrid/new_gridimgs/new_ico_16_4400.gif" />
      <RootComponent type="61" schemaName="new_stylecrmgrid/new_gridimgs/new_ico_16_insertCheck.gif" />
      <RootComponent type="61" schemaName="new_stylecrmgrid/new_gridimgs/new_inlineedit_images.png" />
      <RootComponent type="61" schemaName="new_stylecrmgrid/new_gridimgs/new_masthead_live_rtl.jpg" />
      <RootComponent type="61" schemaName="new_stylecrmgrid/new_gridimgs/new_masthead_rtl.jpg" />
      <RootComponent type="61" schemaName="new_stylecrmgrid/new_gridimgs/new_mast_back.gif" />
      <RootComponent type="61" schemaName="new_stylecrmgrid/new_gridimgs/new_menu_margin.gif" />
      <RootComponent type="61" schemaName="new_stylecrmgrid/new_gridimgs/new_nav_header_back.gif" />
      <RootComponent type="61" schemaName="new_stylecrmgrid/new_gridimgs/new_nav_hover_highlight.png" />
      <RootComponent type="61" schemaName="new_stylecrmgrid/new_gridimgs/new_pcc_images.png" />
      <RootComponent type="61" schemaName="new_stylecrmgrid/new_gridimgs/new_process_control_images.png" />
      <RootComponent type="61" schemaName="new_stylecrmgrid/new_gridimgs/new_progress2013.gif" />
      <RootComponent type="61" schemaName="new_stylecrmgrid/new_gridimgs/new_rbgbbg.png" />
      <RootComponent type="61" schemaName="new_stylecrmgrid/new_gridimgs/new_refresh_commandbar_images.png" />
      <RootComponent type="61" schemaName="new_stylecrmgrid/new_gridimgs/new_repeat_x_1.png" />
      <RootComponent type="61" schemaName="new_stylecrmgrid/new_gridimgs/new_repeat_x_14.png" />
      <RootComponent type="61" schemaName="new_stylecrmgrid/new_gridimgs/new_repeat_x_15.png" />
      <RootComponent type="61" schemaName="new_stylecrmgrid/new_gridimgs/new_repeat_x_16.png" />
      <RootComponent type="61" schemaName="new_stylecrmgrid/new_gridimgs/new_repeat_x_16.png" />
      <RootComponent type="61" schemaName="new_stylecrmgrid/new_gridimgs/new_ribbon.png" />
      <RootComponent type="61" schemaName="new_stylecrmgrid/new_gridimgs/new_ribbonhomepage.png" />
      <RootComponent type="61" schemaName="new_stylecrmgrid/new_gridimgs/new_RightClickMenuChannel.png" />
      <RootComponent type="61" schemaName="new_stylecrmgrid/new_gridimgs/new_TabGradient.gif" />
      <RootComponent type="61" schemaName="new_stylecrmgrid/new_gridimgs/new_transparent_spacer.gif" />
      <RootComponent type="61" schemaName="new_stylecrmgrid/new_gridimgs/new_transparent_spacer2013.gif" />
      <RootComponent type="61" schemaName="new_stylecrmgrid/new_gridimgs/new_ui_icons_469bdd_256x240.png" />
      <RootComponent type="61" schemaName="new_stylecrmgrid/new_gridimgs/new_visualization.png" />
      <RootComponent type="61" schemaName="new_stylecrmgrid/new_gridimgs/new_wunderbar_hover.png" />
      <RootComponent type="61" schemaName="new_stylecrmgrid/new_gridimgs/new_wunderbar_rest.png" />
      <RootComponent type="61" schemaName="new_stylecrmgrid/new_gridimgs/new_wunderbar_sel.png" />
      <RootComponent type="61" schemaName="new_stylecrmgrid/new_menu.css" />
      <RootComponent type="61" schemaName="new_stylecrmgrid/new_menucore.css" />
      <RootComponent type="61" schemaName="new_stylecrmgrid/new_select.css" />
      <RootComponent type="61" schemaName="new_stylecrmgrid/new_site.css" />
      <RootComponent type="61" schemaName="new_stylecrmgrid/new_theme.css" />
      <RootComponent type="61" schemaName="new_ts.html" />
    </RootComponents>
    <MissingDependencies />
  </SolutionManifest>
</ImportExportXml>