<ImportExportXml version="5.0.9690.2243" minimumversion="5.0.0.0" languagecode="1037" generatedBy="OnPremise" xmlns:xsi="http://www.w3.org/2001/XMLSchema-instance">
  <SolutionManifest>
    <UniqueName>customlookup</UniqueName>
    <LocalizedNames>
      <LocalizedName description="customlookup" languagecode="1037" />
    </LocalizedNames>
    <Descriptions />
    <Version>1.0.0.2</Version>
    <Managed>0</Managed>
    <Publisher>
      <UniqueName>DefaultPublisherMivtachSimon</UniqueName>
      <LocalizedNames>
        <LocalizedName description="מפרסם ברירת מחדל עבור MivtachSimon" languagecode="1037" />
      </LocalizedNames>
      <Descriptions>
        <Description description="מפרסם ברירת מחדל עבור ארגון זה" languagecode="1037" />
      </Descriptions>
      <EMailAddress xsi:nil="true"></EMailAddress>
      <SupportingWebsiteUrl xsi:nil="true"></SupportingWebsiteUrl>
      <CustomizationPrefix>new</CustomizationPrefix>
      <CustomizationOptionValuePrefix>10000</CustomizationOptionValuePrefix>
      <Addresses>
        <Address>
          <AddressNumber>1</AddressNumber>
          <AddressTypeCode xsi:nil="true"></AddressTypeCode>
          <City xsi:nil="true"></City>
          <County xsi:nil="true"></County>
          <Country xsi:nil="true"></Country>
          <Fax xsi:nil="true"></Fax>
          <FreightTermsCode xsi:nil="true"></FreightTermsCode>
          <ImportSequenceNumber xsi:nil="true"></ImportSequenceNumber>
          <Latitude xsi:nil="true"></Latitude>
          <Line1 xsi:nil="true"></Line1>
          <Line2 xsi:nil="true"></Line2>
          <Line3 xsi:nil="true"></Line3>
          <Longitude xsi:nil="true"></Longitude>
          <Name xsi:nil="true"></Name>
          <PostalCode xsi:nil="true"></PostalCode>
          <PostOfficeBox xsi:nil="true"></PostOfficeBox>
          <PrimaryContactName xsi:nil="true"></PrimaryContactName>
          <ShippingMethodCode xsi:nil="true"></ShippingMethodCode>
          <StateOrProvince xsi:nil="true"></StateOrProvince>
          <Telephone1 xsi:nil="true"></Telephone1>
          <Telephone2 xsi:nil="true"></Telephone2>
          <Telephone3 xsi:nil="true"></Telephone3>
          <TimeZoneRuleVersionNumber xsi:nil="true"></TimeZoneRuleVersionNumber>
          <UPSZone xsi:nil="true"></UPSZone>
          <UTCOffset xsi:nil="true"></UTCOffset>
          <UTCConversionTimeZoneCode xsi:nil="true"></UTCConversionTimeZoneCode>
        </Address>
        <Address>
          <AddressNumber>2</AddressNumber>
          <AddressTypeCode xsi:nil="true"></AddressTypeCode>
          <City xsi:nil="true"></City>
          <County xsi:nil="true"></County>
          <Country xsi:nil="true"></Country>
          <Fax xsi:nil="true"></Fax>
          <FreightTermsCode xsi:nil="true"></FreightTermsCode>
          <ImportSequenceNumber xsi:nil="true"></ImportSequenceNumber>
          <Latitude xsi:nil="true"></Latitude>
          <Line1 xsi:nil="true"></Line1>
          <Line2 xsi:nil="true"></Line2>
          <Line3 xsi:nil="true"></Line3>
          <Longitude xsi:nil="true"></Longitude>
          <Name xsi:nil="true"></Name>
          <PostalCode xsi:nil="true"></PostalCode>
          <PostOfficeBox xsi:nil="true"></PostOfficeBox>
          <PrimaryContactName xsi:nil="true"></PrimaryContactName>
          <ShippingMethodCode xsi:nil="true"></ShippingMethodCode>
          <StateOrProvince xsi:nil="true"></StateOrProvince>
          <Telephone1 xsi:nil="true"></Telephone1>
          <Telephone2 xsi:nil="true"></Telephone2>
          <Telephone3 xsi:nil="true"></Telephone3>
          <TimeZoneRuleVersionNumber xsi:nil="true"></TimeZoneRuleVersionNumber>
          <UPSZone xsi:nil="true"></UPSZone>
          <UTCOffset xsi:nil="true"></UTCOffset>
          <UTCConversionTimeZoneCode xsi:nil="true"></UTCConversionTimeZoneCode>
        </Address>
      </Addresses>
    </Publisher>
    <RootComponents>
      <RootComponent type="61" schemaName="new_btn_off_lookup.png" />
      <RootComponent type="61" schemaName="new_ButtonNormalGradient.png" />
      <RootComponent type="61" schemaName="new_ButtonSelectedGradient.png" />
      <RootComponent type="61" schemaName="new_configlu" />
      <RootComponent type="61" schemaName="new_control_imgs.png" />
      <RootComponent type="61" schemaName="new_dialoglookup.js" />
      <RootComponent type="61" schemaName="new_dialoguipl.htm" />
      <RootComponent type="61" schemaName="new_entity_imgs.png" />
      <RootComponent type="61" schemaName="new_FormHeaderGradientTop.png" />
      <RootComponent type="61" schemaName="new_form_toolbar_back.png" />
      <RootComponent type="61" schemaName="new_GridColumnGradient.png" />
      <RootComponent type="61" schemaName="new_GridColumnGradientHover.png" />
      <RootComponent type="61" schemaName="new_GridTitleBarHorzLine.png" />
      <RootComponent type="61" schemaName="new_GridToolbarBkgd.png" />
      <RootComponent type="61" schemaName="new_icolu.gif" />
      <RootComponent type="61" schemaName="new_jquery_1.11.1" />
      <RootComponent type="61" schemaName="new_json2" />
      <RootComponent type="61" schemaName="new_knockout_3.0.0.js" />
      <RootComponent type="61" schemaName="new_lookupjs.js" />
      <RootComponent type="61" schemaName="new_lu" />
      <RootComponent type="61" schemaName="new_lubutton.css" />
      <RootComponent type="61" schemaName="new_luparams.js" />
      <RootComponent type="61" schemaName="new_mvslookup.css" />
      <RootComponent type="61" schemaName="new_plstyle.css" />
      <RootComponent type="61" schemaName="new_RightClickMenuChannel.png" />
      <RootComponent type="61" schemaName="new_setXrmParent.js" />
      <RootComponent type="61" schemaName="new_statusbar.gif" />
      <RootComponent type="61" schemaName="new_transparent_spacer.gif" />
      <RootComponent type="61" schemaName="new_transparent_spacer2.gif" />
      <RootComponent type="61" schemaName="new_ui_icons_222222_256x240.png" />
    </RootComponents>
    <MissingDependencies />
  </SolutionManifest>
</ImportExportXml>